timestamp,A,AAL,AAP,ABBV,ABC,ABT,ACN,ADBE,ADI,ADS,AEE,AEP,AES,AFL,AGN,AIG,AKAM,ALB,ALGN,ALK,ALL,ALLE,ALXN,AMD,AME,AMG,AMGN,AMP,AMT,AMZN,ANSS,ANTM,AON,AOS,APA,APD,APH,ARE,ATVI,AWK,AXP,AYI,GOOG,GOOGL,LNT,MMM,MO
2019-06-24,73.14,31.82,152.33,78.45,83.52,84.71,186.11,299.87,112.9,134.47,76.9,90.9,16.63,55.02,129.57,53.32,78.74,68.01,282.16,62.42,102.19,107.89,126.98,29.26,87.85,88.04,184.83,147.72,214.55,1913.9,201.39,290.53,193.52,45.87,29.07,223.64,95.62,145.62,47.15,118.4,124.14,135.4,1115.52,1116.7,49.81,173.38,48.49
2019-06-25,72.51,31.26,154.5,65.7,84.28,84.24,184.9,287.97,110.28,134.42,76.58,90.37,16.65,54.95,162.43,52.73,77.81,67.79,276.02,61.94,101.61,107.57,125.15,28.86,87.56,88.51,184.44,143.7,210.81,1878.27,196.45,285.18,193.25,46.09,28.22,224.7,94.79,142.17,46.2,117.18,123.16,133.63,1086.35,1087.58,49.78,172.03,48.78
2019-06-26,72.14,31.46,149.93,68.0,83.78,82.96,183.31,288.72,110.87,135.38,74.73,88.5,16.32,54.24,164.0,52.26,78.61,69.16,268.08,61.91,99.49,107.59,125.34,29.92,87.83,90.12,183.17,146.12,205.8,1897.83,198.68,278.84,189.89,46.18,29.03,223.93,95.43,138.91,46.73,115.31,123.59,134.54,1079.8,1080.32,48.98,171.88,47.94
2019-06-27,73.19,32.15,151.71,70.0,85.63,83.69,183.0,293.23,112.84,137.3,74.65,87.9,16.54,54.55,166.01,53.05,79.42,69.52,269.95,63.11,100.14,108.77,126.11,30.74,88.26,91.41,184.02,144.03,205.85,1904.28,200.87,282.42,192.57,46.08,28.64,223.5,95.65,140.06,47.28,115.26,123.94,134.25,1076.01,1076.63,48.93,171.5,47.9
2019-06-28,74.67,32.61,154.14,72.72,85.26,84.1,184.77,294.65,112.87,140.13,75.11,88.01,16.76,54.81,167.43,53.28,80.14,70.41,273.7,63.91,101.69,110.55,130.98,30.37,90.84,92.14,184.28,145.16,204.45,1893.63,204.82,282.21,192.98,47.16,28.97,226.37,95.94,141.09,47.2,116.0,123.44,137.91,1080.91,1082.8,49.08,173.34,47.35
2019-07-01,75.78,32.88,156.59,73.4,85.59,84.49,186.87,300.97,115.0,142.76,75.21,88.13,16.77,55.82,167.52,53.84,80.38,70.33,271.68,63.71,103.15,111.52,131.28,31.2,92.11,92.02,186.35,145.75,202.3,1922.19,208.11,282.72,195.14,46.93,29.2,228.82,97.87,143.19,47.5,115.73,124.92,141.02,1097.95,1100.0,48.99,174.51,47.69
2019-07-02,75.61,32.19,159.79,74.23,85.46,84.95,188.6,301.39,113.51,146.41,75.9,89.19,16.95,56.21,169.54,53.79,80.46,69.87,270.9,63.09,103.27,110.26,134.08,31.24,91.22,90.14,186.64,146.02,205.63,1934.31,206.59,280.66,195.93,46.99,27.4,230.27,98.39,144.27,47.98,117.28,125.1,129.95,1111.25,1112.6,49.69,174.02,48.6
2019-07-03,76.8,32.72,160.63,74.96,87.59,85.64,190.97,305.7,113.17,146.81,76.52,90.14,17.28,56.85,169.61,54.83,81.28,71.54,275.0,63.84,104.63,110.51,133.35,31.19,91.91,90.73,188.58,147.82,210.17,1939.0,209.33,282.78,198.48,46.79,27.28,231.4,99.11,145.8,48.66,118.43,125.86,135.17,1121.58,1122.99,50.18,174.98,49.19
2019-07-05,75.75,32.46,160.62,72.99,87.97,85.42,191.39,303.98,112.86,148.25,76.45,89.84,17.12,56.81,167.69,54.61,81.7,70.51,273.29,64.07,104.49,110.99,130.3,31.5,91.09,91.05,185.94,150.12,209.04,1942.91,209.51,284.06,197.58,47.01,27.18,230.58,98.32,145.0,48.15,117.96,125.4,130.69,1131.59,1132.66,49.95,172.0,48.78
2019-07-08,73.84,32.79,158.19,71.22,87.83,85.09,190.31,302.92,111.83,146.71,76.47,89.93,17.15,56.65,164.95,54.96,81.19,70.19,272.24,64.68,104.38,109.98,125.3,32.04,90.6,89.52,182.24,148.94,208.95,1952.32,207.93,284.74,196.47,45.21,26.5,228.31,97.56,145.74,46.47,118.02,124.85,131.47,1116.35,1116.79,49.93,169.19,49.08
2019-07-09,73.45,32.36,155.5,71.24,88.23,85.27,191.09,304.2,113.29,148.01,76.61,90.36,17.06,56.53,166.45,55.52,81.36,70.62,275.41,63.69,104.66,110.17,125.72,33.15,90.37,90.42,181.59,150.2,211.31,1988.3,206.72,284.16,196.55,45.06,26.95,226.05,97.58,147.98,46.37,118.29,125.9,129.98,1124.83,1124.29,50.11,165.7,48.35
2019-07-10,73.37,32.94,156.43,71.65,89.3,85.38,191.71,306.98,114.01,147.94,76.65,90.81,16.99,56.51,166.7,55.73,81.73,70.49,286.65,62.94,104.26,109.32,124.37,33.79,89.58,90.56,182.27,148.32,211.53,2017.41,209.55,287.92,197.82,44.77,27.47,226.26,97.52,148.92,46.84,118.71,126.89,127.95,1140.48,1140.91,50.37,165.7,49.0
2019-07-11,71.74,33.03,156.29,71.24,90.53,85.77,194.67,307.6,113.92,147.97,76.68,90.93,16.96,56.36,165.97,55.48,82.29,70.58,282.59,63.31,103.15,109.27,121.49,33.06,89.59,91.02,178.0,150.42,209.26,2001.07,211.3,303.88,196.64,44.32,26.74,227.76,96.9,145.24,47.34,117.47,127.28,128.01,1144.21,1144.08,50.29,169.04,49.26
2019-07-12,71.65,33.78,158.58,70.28,89.85,83.92,196.21,309.42,116.2,149.6,76.16,90.25,17.08,56.89,165.85,56.27,82.46,72.63,283.91,64.24,103.91,110.44,120.82,33.21,91.0,89.76,174.93,151.14,208.98,2011.0,212.28,310.48,197.47,45.19,26.91,227.16,99.05,145.7,47.2,116.63,127.96,130.64,1144.9,1145.34,49.85,173.34,49.5
2019-07-15,70.55,33.61,158.92,70.27,89.93,83.81,195.32,308.76,117.02,150.02,76.29,91.19,17.15,56.57,166.08,56.24,83.47,72.42,284.3,63.36,104.39,110.76,123.04,34.39,90.98,89.01,176.12,150.29,210.7,2020.99,210.92,306.85,197.53,44.6,26.35,227.66,99.01,145.33,47.66,115.98,128.57,133.29,1150.34,1150.51,50.0,172.84,49.54
2019-07-16,69.95,34.22,161.76,69.16,89.0,83.16,194.25,305.7,115.46,150.75,76.23,90.51,17.29,56.11,164.26,56.03,83.37,73.05,281.07,65.41,104.85,110.78,122.82,33.85,91.3,87.71,177.47,150.89,209.31,2009.9,209.74,305.41,197.08,45.2,25.24,227.1,97.85,143.04,46.99,115.76,128.06,132.93,1153.58,1153.46,49.95,176.49,49.41
2019-07-17,69.59,33.26,157.67,68.32,85.46,85.76,193.81,309.39,113.94,150.74,76.74,91.02,17.65,55.64,162.46,55.37,83.83,72.64,283.91,63.78,102.94,108.82,123.41,33.6,89.28,85.33,177.06,148.47,208.74,1992.03,209.7,304.69,194.76,44.45,24.48,226.43,96.99,142.99,46.68,116.09,127.08,131.16,1146.35,1146.74,50.27,174.67,49.45
2019-07-18,70.13,33.74,157.9,68.25,86.76,87.76,194.82,310.08,116.01,158.0,77.16,91.76,17.53,56.13,162.05,55.6,83.5,73.0,283.37,64.36,103.2,109.44,123.26,33.0,88.9,87.92,179.54,150.08,208.66,1977.9,207.56,304.57,197.04,43.99,23.55,225.54,96.46,143.85,45.72,117.25,128.4,130.82,1146.33,1147.24,50.85,173.06,50.53
2019-07-19,68.7,33.08,156.93,68.54,85.52,87.49,193.93,306.87,115.78,151.56,75.98,90.28,17.22,55.0,163.16,55.94,83.45,74.47,281.21,63.49,101.41,107.59,120.8,32.51,88.71,88.37,178.39,148.66,205.56,1964.52,208.1,302.12,194.91,43.58,24.03,224.53,96.64,141.58,45.14,114.98,124.82,131.2,1130.1,1131.55,49.93,172.61,50.53
2019-07-22,69.09,32.9,158.9,68.0,85.05,88.07,194.44,308.55,117.71,152.74,76.28,90.12,17.06,55.06,162.63,55.88,82.66,73.18,274.47,62.87,101.21,108.02,122.32,32.85,88.61,87.95,175.89,147.83,206.7,1985.63,211.5,301.78,194.15,43.41,23.86,226.01,97.15,140.89,45.57,115.23,126.0,131.07,1138.07,1139.21,49.89,174.64,49.67
2019-07-23,69.89,33.73,157.64,67.73,85.81,88.74,194.46,307.88,119.92,155.08,76.23,89.51,16.83,55.19,161.89,56.29,83.2,74.58,272.96,65.1,101.51,108.83,122.42,33.49,89.8,90.07,176.01,149.09,206.8,1994.49,213.24,302.59,194.7,44.67,24.31,228.86,98.36,142.39,45.92,114.47,128.2,133.77,1146.21,1148.05,49.59,177.52,50.04
2019-07-24,69.58,34.59,158.5,67.46,86.89,88.59,194.47,310.27,124.64,157.34,76.43,89.61,16.87,53.92,160.98,57.39,83.42,75.53,275.16,65.57,102.08,108.22,120.97,34.11,89.98,91.58,175.77,151.47,204.79,2000.81,214.95,288.91,195.89,45.14,24.79,224.86,92.38,142.86,46.86,114.01,127.95,135.17,1137.81,1139.73,49.51,179.42,49.78
2019-07-25,69.85,31.67,150.03,66.66,85.93,88.0,194.97,308.73,122.18,156.64,76.25,89.08,16.91,53.77,160.05,57.08,82.7,74.61,200.9,63.86,102.04,104.81,118.03,33.67,89.23,89.34,174.11,146.97,205.42,1973.82,213.24,293.95,196.85,45.08,24.18,227.65,93.86,143.06,47.19,113.86,127.15,133.92,1132.12,1135.94,49.39,178.13,49.59
2019-07-26,69.5,31.24,152.62,67.76,86.12,87.75,196.93,311.27,121.8,158.87,76.59,88.95,16.94,53.89,160.98,57.27,83.92,74.58,198.84,64.92,102.93,105.26,114.63,34.02,89.28,90.05,175.34,149.93,204.59,1943.05,213.15,299.98,194.56,44.88,23.93,230.55,95.28,143.46,47.99,115.09,126.78,135.5,1250.41,1245.22,49.79,173.98,49.86
2019-07-29,70.37,30.74,153.04,67.18,87.23,88.55,197.35,307.22,121.21,157.55,76.85,89.74,17.06,52.96,160.97,56.48,83.52,73.09,196.05,63.97,101.81,103.7,112.36,33.48,88.55,86.65,176.08,149.74,205.57,1912.45,210.66,298.32,195.79,43.82,23.33,231.19,95.89,144.15,48.45,115.31,127.19,134.86,1239.41,1241.84,50.15,176.76,50.31
2019-07-30,70.15,30.71,151.8,67.18,88.72,88.31,195.65,303.64,120.96,157.77,76.21,88.72,17.15,52.88,160.87,56.32,84.03,73.6,203.25,64.01,101.83,104.27,114.45,33.87,90.75,86.78,176.45,148.53,208.65,1898.53,207.8,299.64,193.17,45.29,24.1,231.81,94.76,148.02,48.29,115.11,126.47,136.44,1225.14,1228.0,49.67,177.63,48.5
2019-07-31,69.41,30.51,150.64,66.62,87.15,87.1,192.58,298.86,117.46,156.92,75.69,87.81,16.79,52.64,160.5,55.99,88.13,72.96,209.08,63.36,107.4,103.54,113.29,30.45,89.61,85.79,186.58,145.51,211.62,1866.78,203.12,294.61,189.25,45.45,24.42,228.27,93.32,146.36,48.74,114.78,124.37,134.22,1216.68,1218.2,49.54,174.72,47.07
2019-08-01,69.21,29.84,149.95,65.8,91.7,86.08,194.16,298.44,114.46,156.04,76.64,88.81,17.3,52.31,160.91,54.71,90.11,69.59,202.35,63.14,104.88,102.48,114.91,29.86,88.32,82.74,186.0,140.56,211.41,1855.32,201.21,292.95,189.97,43.69,24.12,226.37,90.8,145.54,50.19,117.02,124.09,130.97,1209.01,1211.78,49.98,173.36,47.88
2019-08-02,68.08,29.45,145.78,65.35,90.44,85.82,193.01,293.71,112.68,155.76,75.74,88.7,16.83,52.53,161.02,54.33,88.32,68.68,199.38,63.27,104.51,101.83,112.34,29.44,86.5,81.12,187.22,135.3,215.47,1823.24,195.35,290.57,191.04,43.74,24.19,222.84,89.09,144.87,49.02,117.29,124.31,130.76,1193.99,1196.32,50.13,170.55,47.93
2019-08-05,65.86,28.53,143.16,65.23,88.7,83.16,185.55,280.36,107.63,152.13,75.05,88.02,16.32,51.36,160.63,52.81,84.01,65.41,188.37,61.52,101.78,99.68,107.9,27.99,84.08,78.99,181.5,130.45,213.9,1765.13,190.15,283.62,183.25,43.65,23.25,220.06,86.21,142.67,46.1,115.38,120.72,127.56,1152.32,1154.75,49.75,164.71,46.65
2019-08-06,67.66,28.36,145.64,64.77,84.11,84.86,188.81,286.21,109.28,153.48,75.0,89.14,15.7,52.03,159.49,54.38,85.92,65.45,188.44,62.47,103.87,99.83,109.39,28.86,85.74,81.24,184.46,133.27,216.95,1787.83,198.34,291.04,187.39,44.9,22.92,221.42,87.27,144.28,46.59,117.42,122.55,130.87,1169.95,1171.08,50.44,163.71,46.16
2019-08-07,67.97,28.63,144.04,64.46,85.85,84.6,188.87,289.02,109.82,153.21,75.22,89.74,15.67,52.11,158.84,54.41,86.71,67.59,183.9,63.11,103.33,98.33,108.91,29.19,85.26,79.1,183.54,131.05,217.43,1793.4,201.89,286.5,186.37,45.41,21.99,223.47,87.78,144.36,48.1,118.45,123.54,130.32,1173.99,1175.91,50.69,163.64,46.23
2019-08-08,69.49,29.08,144.43,65.45,87.89,85.56,194.18,297.78,112.33,155.28,76.32,89.51,15.85,52.88,159.85,56.82,88.91,73.49,188.28,64.53,105.3,99.15,112.11,33.92,86.93,81.12,185.23,134.94,221.02,1832.89,211.33,288.65,189.7,45.91,22.45,227.98,88.74,146.45,49.33,119.41,125.29,132.38,1204.8,1206.19,51.34,164.22,46.5
2019-08-09,68.64,28.78,144.33,65.58,87.45,86.62,191.48,294.83,110.66,153.72,76.69,89.97,15.57,52.88,159.84,56.26,89.92,70.25,183.33,63.93,104.09,98.73,109.98,34.19,85.33,80.02,196.25,131.82,222.23,1807.58,208.27,287.33,189.43,45.53,21.97,229.87,86.91,145.32,48.06,120.55,126.17,129.31,1188.01,1188.9,51.49,163.47,46.16
2019-08-12,66.63,27.64,142.16,64.53,87.38,84.66,190.0,288.65,108.96,150.0,76.64,90.43,15.24,52.32,158.65,55.08,89.21,67.38,179.68,62.11,102.85,97.0,108.69,32.43,85.04,79.63,205.78,125.48,222.22,1784.92,207.04,282.0,186.25,45.5,21.55,227.13,86.07,142.85,47.08,122.51,123.95,126.04,1174.71,1174.5,51.38,162.1,45.98
2019-08-13,67.64,27.51,142.23,65.01,89.26,86.89,192.88,293.17,113.02,152.44,76.51,90.25,15.17,52.92,159.94,56.12,89.37,68.45,182.0,61.17,104.44,97.46,111.47,32.11,86.09,79.25,206.12,128.72,221.1,1824.34,213.42,286.9,190.98,45.57,21.92,229.67,88.01,144.26,48.13,121.83,126.32,128.34,1197.27,1196.73,51.44,164.88,46.78
2019-08-14,65.59,26.1,136.49,63.5,86.34,83.94,186.97,283.66,110.31,150.11,75.25,88.48,14.79,51.28,157.4,53.39,84.08,64.29,174.29,59.23,101.69,94.08,107.65,30.24,83.33,76.79,198.87,122.4,218.88,1762.96,205.06,272.9,187.16,44.85,20.08,222.59,85.27,143.16,45.26,121.2,122.65,123.55,1164.29,1164.25,50.85,158.81,45.87
2019-08-15,69.59,25.41,137.5,62.98,85.97,83.94,189.56,282.71,108.45,152.5,75.81,90.36,14.77,52.07,156.34,53.74,85.01,61.66,174.37,59.02,101.84,94.72,109.04,29.67,84.33,74.49,199.31,122.75,224.2,1776.12,204.12,274.11,189.18,46.1,19.93,226.34,84.39,145.16,45.51,124.5,122.38,121.65,1167.26,1169.32,51.57,156.84,45.49
2019-08-16,71.08,25.79,136.59,64.43,87.34,84.78,193.22,287.45,110.52,138.69,76.64,90.23,15.2,52.65,158.25,54.31,86.65,63.09,177.29,60.36,103.22,95.43,110.85,31.18,85.65,75.94,204.02,126.34,222.93,1792.57,209.57,275.54,191.51,46.27,20.84,228.76,86.61,148.1,46.66,124.22,124.63,123.99,1177.6,1179.21,51.63,161.5,46.48
2019-08-19,71.75,26.1,136.35,66.56,87.75,85.56,195.18,287.97,111.17,136.54,76.97,90.55,15.36,52.68,159.25,54.81,87.07,64.92,177.62,60.59,103.99,96.55,112.68,31.48,86.7,76.71,206.0,128.03,225.19,1816.12,212.99,273.41,194.3,46.6,21.9,228.57,88.2,148.95,47.92,123.99,124.4,125.0,1198.45,1200.44,51.98,162.95,46.7
2019-08-20,71.12,25.83,135.38,66.41,86.3,84.54,194.2,285.71,110.29,130.75,76.66,90.77,15.19,51.86,159.11,53.43,86.65,64.17,174.5,60.11,103.22,95.0,111.43,30.72,86.21,75.79,203.17,126.35,225.56,1801.38,213.18,266.57,191.33,46.18,21.75,225.73,86.74,147.84,48.8,123.61,121.42,123.51,1182.69,1183.53,51.87,161.01,46.03
2019-08-21,72.2,26.42,136.23,67.54,86.32,84.9,195.73,291.53,108.59,138.07,76.92,91.35,15.32,48.98,161.25,53.69,88.87,65.91,176.39,59.81,103.89,95.46,114.84,31.7,86.33,75.88,203.94,127.95,227.38,1823.54,218.04,267.88,193.17,46.82,21.73,228.64,88.16,148.55,49.04,124.05,122.5,124.71,1191.25,1191.58,52.16,161.15,46.25
2019-08-22,71.74,26.53,137.5,67.52,85.55,84.37,196.34,287.69,108.63,135.53,76.82,90.97,15.2,49.51,160.93,53.75,88.72,63.22,178.97,59.73,104.5,95.69,123.49,31.9,85.77,76.51,203.42,128.58,228.51,1805.6,217.1,261.06,194.12,46.46,21.46,225.28,87.85,149.41,49.08,124.7,122.27,125.55,1189.53,1191.52,52.18,160.88,46.59
2019-08-23,69.55,25.42,135.05,65.97,83.54,81.93,192.81,282.44,104.17,130.58,75.33,89.58,14.79,48.36,158.96,52.49,86.99,59.95,175.04,57.93,101.98,93.42,115.33,29.54,83.62,74.64,199.08,124.49,226.57,1749.62,210.71,260.38,189.12,45.01,20.69,220.64,85.4,146.83,47.33,122.81,117.76,121.57,1151.29,1153.58,51.64,155.85,46.41
2019-08-26,69.64,25.19,135.0,66.46,85.9,83.12,195.47,288.74,106.03,127.47,75.85,90.83,14.84,48.95,160.22,53.08,87.85,60.81,175.19,58.38,103.21,94.02,111.66,30.28,82.96,75.08,205.41,126.15,230.07,1768.87,211.8,260.51,191.52,45.2,21.0,222.79,85.26,147.24,48.69,124.75,118.53,120.96,1168.89,1171.18,52.26,156.12,47.12
2019-08-27,69.48,24.45,134.89,65.67,81.28,83.65,197.16,289.45,107.05,122.08,75.75,90.67,14.61,48.98,160.77,52.74,88.21,59.3,173.8,58.01,102.63,93.77,110.16,30.2,83.73,74.84,206.49,125.24,229.79,1761.83,211.04,251.3,191.14,44.48,20.96,225.54,85.04,146.24,51.09,125.1,117.75,120.71,1167.84,1170.82,52.34,155.75,45.25
2019-08-28,69.94,25.33,136.76,66.07,81.01,84.22,196.84,282.13,108.03,122.24,75.75,89.63,14.86,49.12,159.98,52.45,88.19,59.32,177.31,58.74,102.41,94.29,111.27,30.78,84.11,75.03,207.52,125.85,230.14,1764.25,204.14,253.81,190.55,45.09,21.63,225.79,85.19,147.41,50.21,126.04,119.09,121.0,1171.02,1173.75,52.38,157.55,45.85
2019-08-29,70.7,26.32,138.07,66.22,81.91,84.82,198.74,286.63,109.02,122.75,77.15,90.72,15.12,49.6,159.66,52.46,89.38,60.49,179.95,59.96,102.22,95.8,112.17,31.45,86.11,75.78,206.98,128.43,230.41,1786.4,209.18,259.79,192.19,46.13,22.04,224.44,87.62,149.38,50.96,126.9,120.74,125.22,1192.85,1194.24,52.53,160.36,44.25
2019-08-30,71.11,26.31,137.95,65.74,82.27,85.32,198.17,284.51,109.83,122.95,77.15,91.15,15.33,50.18,159.72,52.04,89.13,61.73,183.11,59.72,102.39,96.27,100.76,31.45,85.93,76.63,208.62,128.98,230.19,1776.29,206.56,261.52,194.85,46.52,21.57,225.92,87.54,149.84,50.6,127.32,120.37,125.41,1188.1,1190.53,52.45,161.72,43.74
2019-09-03,70.41,26.51,140.36,65.4,84.04,84.06,195.75,282.45,106.38,122.05,78.49,92.78,15.34,50.38,159.8,52.4,89.12,60.23,177.91,60.43,102.54,95.33,95.18,30.9,83.38,74.97,205.52,127.2,237.84,1789.84,206.01,258.1,192.61,45.6,21.41,225.56,85.69,149.99,51.06,129.5,117.6,121.18,1168.39,1169.55,53.56,158.64,44.04
2019-09-04,70.86,27.0,141.89,66.38,85.18,84.22,197.71,284.6,109.19,123.33,78.49,93.05,15.29,50.79,161.69,54.4,90.88,61.31,176.38,61.77,103.9,96.76,97.53,30.95,85.17,76.03,206.32,129.27,241.07,1800.62,212.49,254.23,195.4,46.3,22.04,227.42,86.7,152.59,53.5,128.75,118.4,124.6,1181.41,1182.27,53.51,160.07,44.3
2019-09-05,73.52,27.69,146.55,67.03,86.04,85.9,199.49,287.75,113.02,126.99,77.14,91.53,15.44,51.13,162.41,54.68,92.54,62.97,177.11,63.39,104.38,98.62,100.28,31.5,88.33,78.74,207.65,133.41,235.75,1840.72,218.09,251.22,195.6,47.62,22.67,224.57,89.79,152.19,54.58,126.53,120.67,124.75,1211.38,1212.19,52.56,164.23,43.85
2019-09-06,74.28,27.79,147.21,67.62,86.32,86.04,201.12,284.94,112.67,125.96,76.19,91.09,15.31,51.57,163.26,54.85,91.82,63.23,175.06,63.09,105.31,98.95,103.84,30.56,89.27,78.63,207.73,134.75,232.59,1833.51,217.59,249.38,195.28,47.81,22.35,225.59,89.32,153.11,54.58,125.7,120.19,125.84,1204.93,1206.32,52.26,163.94,43.85
2019-09-09,74.18,28.44,147.43,66.7,87.13,84.22,194.83,279.3,112.87,129.03,75.18,91.38,15.03,51.08,162.37,55.41,89.59,65.36,173.16,64.77,105.79,97.94,106.4,30.5,89.77,83.05,202.34,137.87,224.0,1831.35,214.58,250.45,193.43,49.1,23.65,216.36,88.97,152.55,55.19,122.36,119.92,129.16,1204.41,1205.27,51.29,165.94,44.04
2019-09-10,74.77,29.12,154.7,68.18,85.88,83.21,189.66,276.14,113.98,132.28,74.21,91.09,15.18,50.97,164.0,55.5,88.28,68.28,177.8,64.99,105.68,98.26,109.6,30.23,88.4,86.38,196.87,144.63,216.21,1820.55,210.38,252.59,187.29,49.72,23.7,213.78,89.6,151.61,56.03,120.83,117.31,134.22,1206.0,1205.7,50.96,168.86,44.24
2019-09-11,76.99,29.76,158.86,69.49,87.79,84.52,191.37,277.78,115.04,135.37,74.77,91.69,15.55,51.4,165.84,56.6,89.6,69.25,179.77,65.83,106.15,99.93,108.9,29.76,88.1,88.23,195.84,145.57,212.7,1822.99,214.59,249.81,188.38,50.84,23.99,216.34,91.5,152.33,54.91,121.25,118.0,138.99,1220.17,1220.0,51.43,168.08,44.72
2019-09-12,77.57,29.94,155.2,70.83,84.64,85.21,195.52,278.02,116.21,134.69,76.5,92.02,15.67,51.47,166.35,56.76,90.99,69.28,174.62,65.68,106.58,100.33,108.26,30.21,89.82,88.21,194.0,146.38,218.85,1843.55,211.08,248.16,189.76,51.71,23.84,220.67,93.95,153.38,55.45,121.76,119.02,136.76,1234.25,1234.97,51.7,170.58,44.46
2019-09-13,77.9,29.95,157.0,70.51,83.42,84.27,194.62,278.35,116.52,133.73,76.6,91.54,15.79,51.77,166.14,57.29,90.41,69.28,177.47,65.87,105.81,102.24,107.4,30.69,90.7,88.67,195.47,147.43,215.37,1839.34,212.13,253.08,190.88,50.24,24.34,222.24,94.71,151.52,55.95,121.22,119.2,139.16,1239.56,1240.03,51.65,171.44,42.01
2019-09-16,77.15,27.77,156.07,70.58,83.79,83.36,194.16,282.93,115.26,132.95,77.17,91.71,16.0,51.91,165.56,56.32,89.43,68.84,179.37,64.66,106.38,102.13,108.54,30.83,90.86,88.4,194.08,147.43,216.77,1807.84,212.13,258.58,191.12,48.75,28.45,215.24,95.05,153.16,55.78,120.98,117.64,138.43,1231.3,1231.63,51.93,169.67,41.41
2019-09-17,76.4,28.64,156.07,71.6,83.18,83.58,194.95,284.69,115.28,131.41,77.54,92.73,15.89,52.44,166.1,57.08,91.18,67.76,177.65,64.92,107.94,101.56,107.83,30.99,90.39,87.0,196.72,146.09,221.3,1822.55,216.13,257.29,194.52,49.16,26.02,221.57,95.08,153.92,55.35,121.76,119.05,135.18,1229.15,1229.88,52.81,168.07,41.31
2019-09-18,77.57,28.6,153.79,71.27,83.0,83.64,194.13,279.72,116.56,130.91,78.48,93.02,16.05,52.61,166.0,57.65,90.94,67.4,175.8,64.93,107.99,102.31,102.98,30.42,90.02,86.81,195.04,147.54,221.61,1817.46,217.59,251.79,194.11,48.8,25.43,221.62,94.28,153.02,55.12,121.52,118.74,134.12,1232.41,1232.65,52.95,167.44,40.84
2019-09-19,78.07,28.3,152.8,71.67,84.63,83.23,194.67,281.26,115.88,130.72,78.66,93.18,15.95,52.56,165.73,57.89,89.26,68.29,180.36,64.58,108.36,102.13,105.67,30.29,90.21,85.95,195.65,147.29,227.07,1821.5,219.05,255.45,194.22,48.49,25.76,222.28,94.24,154.04,55.01,122.38,117.79,134.87,1238.71,1238.75,53.11,167.07,40.12
2019-09-20,77.97,27.99,155.69,72.39,85.12,83.58,193.09,277.91,115.33,130.19,79.04,93.18,16.09,51.97,166.47,57.45,89.43,68.86,186.54,65.0,107.92,101.57,106.32,30.05,89.88,85.65,196.94,145.78,225.56,1794.16,216.57,252.09,193.0,47.48,25.8,221.55,93.82,153.44,54.76,122.83,116.8,135.57,1229.93,1229.84,53.18,166.76,40.81
2019-09-23,78.06,27.5,161.22,72.93,83.85,83.16,192.84,277.44,114.29,129.3,78.97,93.4,16.25,52.35,166.86,57.3,89.61,68.22,183.89,64.64,108.41,101.16,104.62,30.64,89.45,85.32,197.76,147.29,225.38,1785.3,216.73,251.4,192.76,47.77,26.18,220.46,93.64,153.54,54.18,122.58,118.24,137.17,1234.03,1234.69,53.27,166.76,40.88
2019-09-24,75.97,26.995,159.22,72.95,82.7,82.44,190.14,272.47,110.96,126.75,79.56,94.59,16.17,52.42,166.69,57.0,88.65,67.89,183.05,64.65,107.76,101.59,100.32,29.52,89.88,83.25,196.55,144.9,225.16,1741.61,213.86,248.19,192.6,47.36,25.38,220.41,93.83,153.15,53.96,124.87,118.17,130.61,1218.76,1218.33,54.16,164.74,40.73
2019-09-25,76.33,27.44,162.28,72.09,83.23,82.86,190.87,277.43,112.68,127.88,80.26,94.23,16.12,52.17,165.95,56.53,90.02,68.3,183.63,65.05,107.66,101.85,100.4,29.54,90.51,84.07,196.06,145.47,222.04,1768.33,215.64,244.0,194.41,47.98,25.52,220.63,96.09,153.52,54.94,124.57,119.12,130.2,1246.52,1245.94,54.03,164.0,40.56
2019-09-26,76.52,27.19,160.38,74.03,82.0,82.66,192.12,283.81,113.14,127.78,80.38,94.29,16.22,51.91,166.89,55.88,90.58,67.19,178.99,64.57,108.11,102.66,98.7,29.47,90.17,82.97,195.38,146.12,223.0,1739.84,220.08,238.8,194.73,47.49,25.27,223.29,96.4,155.23,54.22,125.13,118.91,130.66,1241.39,1242.29,54.26,163.83,40.66
2019-09-27,76.39,27.01,161.68,74.85,80.94,81.84,191.38,277.54,111.04,126.42,80.0,94.2,16.31,51.89,168.25,56.16,89.79,68.14,175.84,64.18,107.83,102.5,97.77,28.72,91.37,82.94,194.94,147.54,218.98,1725.45,217.09,237.69,193.47,47.66,25.7,221.06,95.73,153.11,52.33,124.24,118.59,132.29,1225.09,1225.95,54.03,164.53,40.13
2019-09-30,76.63,26.97,165.4,75.72,82.33,83.67,192.35,276.25,111.73,128.13,80.05,93.69,16.34,52.32,168.29,55.7,91.38,69.52,180.92,64.91,108.68,103.65,97.94,28.99,91.82,83.35,193.51,147.1,221.13,1735.91,221.36,240.1,193.57,47.71,25.6,221.86,96.5,154.04,52.92,124.23,118.28,134.79,1219.0,1221.14,53.93,164.4,40.9
2019-10-01,74.84,26.8,167.29,73.23,82.12,81.84,189.62,272.71,109.78,126.04,79.66,93.22,16.24,51.54,166.46,54.37,91.1,68.31,182.3,64.95,107.17,101.1,97.79,28.76,88.8,79.67,193.19,140.74,220.89,1735.65,216.73,238.44,189.72,46.81,24.27,216.48,95.28,153.14,52.9,123.86,116.7,129.46,1205.1,1206.0,53.89,158.38,41.16
2019-10-02,73.35,25.37,162.96,72.13,80.98,79.53,184.85,266.66,108.97,123.12,78.75,92.13,15.7,50.58,165.4,53.47,89.87,66.57,179.75,62.72,105.61,100.24,97.48,28.31,86.3,76.22,189.21,135.34,219.99,1713.23,216.04,237.9,186.0,45.19,23.2,210.47,93.39,151.9,52.25,123.15,112.86,114.97,1176.63,1177.92,53.31,155.65,40.21
2019-10-03,73.87,25.265,159.86,73.85,81.34,81.07,185.81,272.4,110.87,122.56,78.5,92.5,15.8,51.18,167.22,53.21,90.9,67.23,184.77,62.3,105.65,101.1,99.17,28.68,87.39,75.55,192.62,135.17,223.9,1724.42,220.24,238.23,187.24,45.0,23.37,210.83,94.62,154.14,54.07,123.73,112.55,120.13,1187.83,1189.43,53.38,155.23,40.81
2019-10-04,75.88,25.83,159.94,74.66,81.85,81.99,189.64,276.96,113.03,123.88,79.53,93.61,16.03,52.1,168.44,54.43,90.91,66.32,181.59,63.51,108.46,103.32,98.03,29.01,88.83,76.47,195.59,136.19,225.93,1739.65,224.63,241.79,192.0,45.51,22.16,213.88,96.14,154.8,55.44,125.78,114.41,121.15,1209.0,1210.96,54.35,155.82,41.65
2019-10-07,75.1,25.83,158.27,74.33,81.86,81.04,186.81,276.9,110.84,122.88,78.94,93.71,15.85,51.95,167.98,53.63,90.23,65.68,184.51,63.96,107.46,102.58,97.35,28.93,88.0,74.83,197.17,134.73,225.28,1732.66,223.12,241.03,190.43,45.13,21.4,213.96,95.37,154.35,55.41,124.57,113.65,119.47,1207.68,1208.25,53.78,153.52,42.17
2019-10-08,72.49,26.26,154.33,73.53,80.17,78.51,182.2,270.83,106.13,118.66,77.42,92.56,15.51,51.04,167.1,52.42,88.17,63.7,184.3,63.18,105.9,102.33,95.8,28.23,85.98,71.8,196.08,129.21,226.1,1705.51,216.63,235.52,185.71,45.24,20.25,207.76,93.18,153.1,54.13,123.88,112.54,117.13,1189.13,1190.13,53.39,150.74,42.0
2019-10-09,73.47,27.065,154.41,73.3,80.37,79.5,184.34,274.27,108.07,118.42,77.34,92.88,15.54,51.5,166.74,53.04,89.6,63.6,189.21,64.11,106.57,101.04,94.84,28.46,86.93,72.25,196.69,132.19,226.57,1721.99,220.49,238.25,186.64,45.46,20.53,211.74,94.95,153.85,53.43,124.87,113.92,118.62,1202.31,1202.4,53.535,150.99,42.46
2019-10-10,74.0,27.18,155.95,74.45,80.82,80.14,183.83,274.98,108.44,118.21,76.85,92.61,15.82,52.07,167.83,54.06,89.36,65.46,194.17,64.88,107.14,100.7,98.35,28.38,87.95,73.06,198.68,134.01,226.28,1720.26,220.67,237.23,188.89,46.34,20.43,214.67,95.51,154.13,53.69,125.05,115.02,120.03,1208.67,1209.47,53.49,152.31,42.98
2019-10-11,75.3,27.355,158.56,73.63,81.96,79.63,184.97,278.29,111.22,122.55,77.05,92.34,16.01,52.44,169.09,54.42,89.55,68.91,200.16,66.08,107.93,101.46,99.25,29.75,88.51,75.97,200.8,138.27,224.45,1731.92,224.16,237.55,191.1,47.99,21.42,217.29,96.98,153.97,54.82,123.69,116.4,122.02,1215.45,1215.71,53.025,158.1,42.57
2019-10-14,75.18,27.615,157.32,73.76,81.58,79.82,185.5,277.78,110.34,122.54,76.29,92.03,15.99,52.51,168.94,54.21,89.84,67.56,205.15,66.21,108.23,100.45,101.34,30.53,88.36,75.29,202.89,138.82,225.64,1736.43,225.26,234.82,191.28,47.73,21.94,213.86,96.91,153.87,55.01,121.73,116.39,122.04,1217.14,1217.77,52.38,160.51,42.72
2019-10-15,75.75,28.27,159.73,74.5,83.2,81.98,187.0,279.39,113.29,123.7,75.8,91.74,16.02,52.83,170.16,54.68,91.33,67.87,209.25,67.33,108.07,101.79,104.81,30.72,89.06,76.13,204.66,140.22,224.21,1767.38,226.82,248.94,192.29,48.45,22.18,215.22,98.42,153.28,55.56,120.8,117.59,124.77,1243.01,1242.24,51.99,162.98,43.43
2019-10-16,75.27,28.05,162.75,74.75,86.05,81.78,186.57,272.7,110.59,123.21,75.72,92.6,16.13,52.66,170.92,54.34,90.93,67.58,211.56,66.83,107.49,103.41,99.51,30.81,88.54,75.61,203.21,139.77,221.97,1777.43,222.18,245.02,192.93,48.81,21.76,214.21,98.78,155.27,55.59,121.63,117.41,123.26,1243.64,1243.0,52.29,162.18,43.51
2019-10-17,74.92,27.93,163.75,75.14,89.5,82.38,186.04,269.24,110.0,123.36,75.8,93.0,16.24,52.65,172.5,54.06,91.34,68.22,213.92,66.98,107.74,104.13,99.99,31.14,88.51,74.7,203.56,140.49,225.91,1787.48,220.87,249.25,193.45,50.02,22.12,214.37,98.64,155.31,55.59,122.42,119.1,123.2,1253.07,1252.8,52.74,163.54,44.28
2019-10-18,74.57,28.22,163.5,76.46,89.64,82.79,187.08,265.52,109.48,123.54,76.62,94.14,16.38,52.71,173.6,53.97,91.51,67.13,213.88,66.84,108.41,103.95,98.41,30.97,88.35,74.58,202.72,142.0,229.09,1757.51,218.43,249.4,192.91,51.01,22.44,214.88,99.0,156.01,54.54,122.41,116.76,122.93,1245.49,1244.41,52.98,163.1,44.33
2019-10-21,75.48,28.62,166.03,77.3,86.66,81.65,187.34,266.84,111.11,124.77,76.66,94.48,16.44,52.9,174.7,54.55,91.89,67.24,210.04,69.04,109.13,105.03,100.73,32.03,88.23,75.47,202.93,144.3,229.4,1785.66,218.78,253.07,195.03,51.1,22.77,213.5,100.41,157.55,55.51,122.3,119.05,123.86,1246.15,1244.28,53.15,165.94,45.56
2019-10-22,74.69,28.26,165.98,77.87,86.06,80.54,182.72,261.09,110.88,124.4,77.05,94.15,16.9,52.42,174.92,53.24,89.09,66.79,213.6,69.19,107.5,105.25,99.28,31.51,88.38,75.62,204.83,142.45,226.74,1765.73,214.32,260.25,193.42,51.74,22.95,206.97,99.09,157.14,54.52,122.39,118.61,125.47,1242.8,1241.2,53.37,167.54,46.34
2019-10-23,74.98,28.29,165.12,77.75,85.65,81.27,184.07,261.32,105.57,123.76,77.06,94.44,17.13,52.47,175.0,53.15,90.22,67.46,217.5,68.91,108.18,104.37,106.63,31.36,89.0,77.04,203.32,143.47,226.02,1762.17,216.08,263.51,191.44,50.85,23.54,210.06,101.59,157.73,54.8,121.94,116.49,127.28,1259.13,1257.63,53.64,168.76,46.75
2019-10-24,75.0,29.41,166.81,76.8,85.98,81.36,185.0,269.7,105.32,107.02,77.49,95.72,16.88,52.56,173.93,52.9,89.58,69.45,249.47,68.76,108.26,113.66,106.08,31.72,89.12,76.9,203.06,149.63,223.47,1780.78,221.52,259.49,191.34,50.92,23.23,211.47,101.79,159.16,55.44,122.31,116.41,124.29,1260.99,1259.11,53.66,161.89,46.96
2019-10-25,75.39,30.86,165.56,76.53,86.8,81.65,183.07,270.98,106.83,104.8,76.59,94.35,16.8,53.26,173.84,52.8,89.15,63.59,243.38,71.57,107.24,113.33,105.18,32.71,89.96,77.34,203.05,149.45,216.67,1761.33,220.25,263.07,188.65,51.07,22.07,213.26,100.23,158.25,55.26,121.11,118.26,124.9,1265.13,1264.3,53.18,166.09,46.8
2019-10-28,76.15,31.36,166.41,78.33,87.39,82.66,182.87,271.35,108.83,106.79,75.84,93.37,16.98,53.51,174.22,52.55,89.48,63.74,250.42,70.08,106.6,115.32,106.56,33.69,90.4,81.5,205.01,152.81,210.75,1777.08,223.63,267.67,187.79,51.35,21.73,211.48,101.19,158.88,54.56,119.56,118.58,127.55,1290.0,1288.98,52.73,169.06,45.99
2019-10-29,76.17,30.92,164.35,78.47,88.87,83.45,184.8,271.45,108.06,103.98,76.48,93.17,17.09,53.58,174.64,52.1,87.89,63.03,256.12,69.76,108.22,115.43,107.49,33.03,91.63,84.06,208.99,153.7,216.16,1762.71,222.3,272.64,188.57,49.23,22.05,217.82,100.98,156.31,54.0,119.59,117.42,127.98,1262.62,1260.66,52.52,168.81,46.38
2019-10-30,76.12,30.29,163.97,79.66,85.85,84.01,186.58,278.41,108.25,102.79,77.58,94.1,17.21,53.36,175.79,52.61,87.39,62.67,252.71,70.38,104.95,116.51,106.25,33.13,91.31,80.73,210.88,152.0,217.24,1779.99,225.19,273.46,194.65,50.38,21.36,216.73,100.82,159.06,55.87,120.97,118.07,128.63,1261.29,1260.7,52.95,168.37,45.96
2019-10-31,75.75,30.06,162.48,79.55,85.38,83.61,185.42,277.93,106.63,100.0,77.7,94.39,17.05,53.16,176.11,52.96,86.5,60.74,252.29,69.43,106.42,116.04,105.4,33.93,91.65,79.88,213.25,150.89,218.08,1776.66,220.15,269.08,193.16,49.68,21.66,213.26,100.33,158.75,56.03,123.27,117.28,124.79,1260.11,1258.8,53.34,164.99,44.79
2019-11-01,76.97,30.56,164.82,81.75,86.87,82.66,188.22,277.82,109.37,101.06,77.36,93.56,17.51,53.61,178.29,53.76,87.5,64.49,257.04,70.15,105.9,118.19,109.38,34.89,94.2,82.15,217.95,152.89,215.52,1791.44,220.0,270.75,195.85,50.28,23.81,213.56,102.78,158.42,55.82,122.78,119.14,125.99,1273.74,1272.25,53.03,170.09,45.06
2019-11-04,76.74,30.95,166.61,82.99,87.5,82.22,187.8,277.5,111.39,102.33,76.09,92.8,17.42,53.45,178.8,54.93,87.51,67.7,258.77,70.63,106.49,118.13,108.53,36.29,95.62,86.1,214.41,155.34,211.07,1804.66,217.47,271.72,194.65,50.86,24.52,214.42,104.2,157.2,55.71,120.05,119.62,130.82,1291.37,1289.61,52.18,174.9,45.6
2019-11-05,75.55,31.18,168.14,81.84,86.13,82.34,186.88,289.29,113.45,103.88,74.96,91.4,17.19,52.94,178.41,54.81,87.79,67.37,257.91,71.38,105.84,117.1,107.23,36.15,96.25,87.17,215.08,158.29,206.01,1801.71,217.96,273.0,193.13,51.89,23.96,216.58,104.41,155.08,55.54,120.09,118.77,131.82,1292.03,1291.44,51.71,175.27,46.25
2019-11-06,75.79,30.96,169.7,82.08,84.71,83.12,189.23,287.4,112.03,103.65,75.56,91.98,17.68,53.7,178.55,55.52,87.4,66.72,256.16,71.37,106.95,116.58,106.63,35.93,96.37,85.77,216.4,157.87,207.98,1795.77,218.73,277.32,194.74,52.03,23.62,218.85,102.89,155.01,56.36,121.59,119.69,129.02,1291.8,1291.01,51.9,174.0,45.91
2019-11-07,75.91,30.89,169.28,82.01,84.08,83.39,189.09,290.77,112.29,105.4,74.63,89.34,17.57,54.15,178.68,55.59,85.75,71.39,258.94,70.93,107.72,115.27,108.05,36.28,96.2,87.05,217.99,157.74,205.69,1788.2,225.22,279.77,194.4,51.87,24.08,227.58,102.53,153.88,54.55,118.15,121.28,128.14,1308.86,1306.94,51.5,174.52,45.98
2019-11-08,76.64,30.76,167.4,85.21,86.07,83.74,189.7,292.46,113.02,107.9,73.81,89.07,17.64,54.14,181.28,55.91,84.53,67.98,259.92,71.17,108.19,115.65,110.79,36.29,96.54,86.86,221.11,158.54,205.87,1785.88,224.31,282.09,194.57,52.08,24.43,233.87,102.7,153.91,54.3,116.3,121.47,128.08,1311.37,1309.0,51.68,173.15,46.41
2019-11-11,76.85,30.59,168.82,85.66,84.04,83.76,190.06,290.27,112.55,108.04,74.09,88.77,17.93,54.03,181.58,55.4,85.19,67.73,258.6,71.91,109.38,115.66,109.01,36.31,96.36,87.02,220.7,158.38,207.35,1771.65,227.35,279.15,194.38,51.75,23.85,235.03,102.17,155.13,52.52,115.59,120.9,127.1,1299.19,1298.28,51.6,170.11,46.41
2019-11-12,77.05,29.52,156.14,86.44,85.54,84.34,191.43,291.72,113.26,108.76,74.2,88.5,18.06,53.97,181.96,55.41,84.72,65.31,258.97,70.84,110.13,114.7,109.44,36.71,96.25,86.28,221.31,158.9,206.75,1778.0,230.21,283.67,195.0,52.05,23.8,237.01,101.51,154.73,51.95,115.38,120.89,126.05,1298.8,1297.21,51.68,170.84,47.0
2019-11-13,77.16,28.66,158.58,86.66,86.09,84.22,194.5,293.54,114.17,107.18,75.58,89.86,18.15,54.14,181.6,54.72,85.6,65.18,259.63,70.52,110.57,116.72,107.13,37.52,96.05,84.69,219.67,158.39,210.32,1753.11,229.0,283.74,196.44,51.78,23.3,237.52,101.67,156.6,52.33,116.93,120.26,125.09,1298.0,1296.18,52.63,170.55,46.83
2019-11-14,76.76,28.77,156.83,87.63,86.13,84.12,196.25,294.53,113.32,106.61,76.53,89.6,18.41,54.18,182.47,54.19,85.65,65.54,260.44,70.41,110.8,117.19,105.89,38.35,97.0,84.26,218.5,159.32,211.8,1754.6,229.37,282.01,198.35,51.52,23.43,238.18,101.1,157.46,52.7,117.85,120.93,126.83,1311.46,1309.15,53.06,170.93,46.63
2019-11-15,78.26,28.86,162.66,88.63,87.3,85.71,196.81,297.5,113.4,103.45,76.62,89.56,18.45,54.4,183.61,53.93,87.71,66.14,263.92,70.38,111.1,119.12,108.37,38.56,98.17,85.0,220.86,160.17,213.37,1739.49,235.15,297.82,198.71,50.78,23.91,240.92,102.25,158.76,53.44,118.24,120.76,128.38,1334.87,1333.54,52.88,171.88,47.97
2019-11-18,77.94,28.6,163.67,88.73,87.77,84.26,198.02,297.16,111.97,104.8,75.73,90.15,18.49,54.39,184.5,54.15,88.41,67.1,268.51,70.06,111.51,118.41,107.97,39.88,97.36,85.03,220.67,158.26,214.33,1752.53,238.67,294.0,197.9,49.25,22.98,241.19,102.45,159.49,52.73,118.68,119.66,128.58,1320.7,1319.84,52.85,170.54,48.34
2019-11-19,79.29,29.29,161.98,89.02,87.81,84.29,198.34,300.6,111.71,103.54,75.45,90.67,18.48,54.08,185.22,53.41,88.51,66.46,271.6,70.07,111.03,119.21,110.65,41.29,99.18,84.89,224.5,159.01,215.57,1752.79,242.42,292.72,199.62,48.27,22.37,241.31,103.26,159.34,53.28,119.13,120.0,128.0,1315.46,1312.59,52.58,170.68,46.93
2019-11-20,78.52,28.23,161.74,87.2,87.55,83.89,197.71,300.1,108.58,101.22,75.47,91.46,18.6,54.13,184.96,52.93,86.86,65.05,268.77,68.44,110.4,117.5,108.53,40.98,98.49,84.0,225.51,158.38,217.9,1745.53,245.49,292.7,201.53,48.09,22.87,237.9,102.22,160.03,54.085,120.57,119.3,127.47,1303.05,1301.86,53.14,167.77,48.45
2019-11-21,78.3,27.93,158.33,86.52,88.31,83.68,196.78,298.8,108.78,101.3,75.19,91.07,18.5,53.87,184.54,52.21,87.57,65.13,272.14,68.0,110.2,118.52,109.53,39.52,97.87,84.03,227.82,158.05,213.54,1734.71,246.38,293.73,198.8,48.45,23.22,237.64,101.78,159.01,53.69,119.34,118.8,126.8,1301.35,1300.14,53.38,165.14,48.82
2019-11-22,79.12,28.68,157.87,86.05,90.26,83.74,196.66,299.3,110.65,104.41,74.95,91.54,18.83,53.99,183.79,53.3,87.97,64.9,274.4,68.76,110.04,119.05,111.03,39.15,97.9,84.41,230.74,159.77,210.11,1745.72,246.38,291.83,199.58,48.2,23.41,237.6,101.74,159.67,53.04,119.04,119.06,127.31,1295.34,1293.67,53.39,167.6,49.0
2019-11-25,80.26,28.99,159.15,87.76,90.64,84.49,198.36,305.28,112.93,105.4,74.17,90.89,18.78,54.3,185.0,53.31,87.74,65.14,278.07,68.79,110.64,119.81,114.3,39.79,98.71,86.55,234.54,161.78,209.71,1773.84,249.42,293.89,200.48,48.76,23.55,234.74,103.25,160.81,53.73,119.31,120.6,129.47,1306.69,1305.64,52.75,170.24,49.26
2019-11-26,80.95,29.05,157.09,87.72,87.85,85.42,200.92,307.9,114.89,106.05,74.13,91.5,18.75,54.73,184.92,53.17,88.69,65.59,277.7,69.44,112.62,122.16,113.56,38.99,99.26,85.65,234.39,161.02,214.79,1796.94,252.48,287.24,203.23,48.69,22.89,234.4,103.03,161.24,54.17,121.03,119.79,132.19,1313.55,1313.0,52.97,169.23,49.22
2019-11-27,81.08,28.95,158.78,88.33,88.51,85.42,201.25,309.06,113.7,106.94,74.18,91.59,18.89,54.82,185.38,52.89,87.29,65.5,279.62,69.17,112.02,121.56,114.65,39.41,99.49,85.95,234.54,163.39,214.91,1818.51,255.45,289.45,204.27,48.74,23.22,236.04,103.77,162.31,54.48,121.27,120.33,133.21,1312.99,1312.13,53.05,170.61,49.75
2019-11-29,80.77,28.74,157.08,87.73,87.91,85.45,201.16,309.53,112.95,106.91,74.33,91.35,18.91,54.84,184.94,52.66,87.12,65.38,277.34,69.01,111.35,120.03,113.94,39.15,99.01,85.37,234.72,163.87,214.03,1800.8,254.69,288.66,203.61,48.4,22.28,236.33,104.0,162.52,54.83,121.03,120.12,130.78,1304.96,1304.09,53.0,169.77,49.7
2019-12-02,80.35,28.08,156.55,87.03,87.83,84.51,199.59,302.75,111.26,106.2,73.68,90.28,18.92,52.68,184.34,51.66,85.62,65.04,274.34,68.11,111.14,120.36,112.91,38.73,97.54,83.5,233.48,162.56,209.57,1781.6,250.7,287.43,201.6,47.33,19.54,230.97,102.7,159.61,54.23,120.3,117.26,130.67,1289.92,1288.86,52.43,168.27,50.6
2019-12-03,80.1,27.29,152.61,85.95,87.43,84.36,198.75,303.91,110.25,102.79,73.81,90.88,18.84,51.73,185.09,51.17,85.92,63.65,276.36,66.61,109.44,120.18,114.05,38.9,96.87,81.78,232.77,159.98,211.21,1769.96,250.37,286.19,199.99,46.7,18.38,229.69,101.78,161.28,54.59,121.19,116.57,128.18,1295.28,1294.74,52.7,165.17,50.1
2019-12-04,80.93,27.38,152.33,87.2,88.36,85.18,199.58,302.51,114.39,104.3,74.36,92.03,18.9,52.33,186.66,51.11,86.43,62.92,277.71,66.92,110.14,121.79,115.45,39.69,96.7,82.8,233.88,162.04,213.36,1760.69,252.14,287.38,202.21,46.37,18.7,228.92,102.99,160.07,53.88,122.49,117.94,129.33,1320.54,1318.94,53.17,167.14,50.11
2019-12-05,81.53,27.24,152.29,86.72,87.82,85.24,199.85,303.03,113.43,103.58,75.09,92.46,18.81,52.72,186.08,51.14,84.33,63.68,274.53,67.29,109.54,122.3,107.42,39.62,97.68,83.58,233.41,162.78,213.53,1740.48,252.99,286.3,203.45,46.9,18.58,230.46,102.98,161.07,54.99,123.38,118.28,133.39,1328.13,1326.96,53.17,164.37,50.17
2019-12-06,82.21,27.725,154.62,86.98,88.24,85.48,202.55,306.23,115.89,105.26,75.19,92.39,18.72,52.99,186.37,51.86,85.25,64.3,275.72,68.32,111.1,122.99,113.89,39.63,98.55,85.43,233.77,164.9,212.2,1751.6,256.63,285.27,205.99,46.79,19.99,232.03,104.03,161.94,55.21,122.67,120.61,133.8,1340.62,1339.39,53.11,171.47,50.41
2019-12-09,81.62,27.49,151.57,86.44,86.39,83.87,202.03,307.05,114.62,105.41,74.95,91.86,18.79,53.05,185.27,51.58,84.11,64.72,273.46,67.99,111.32,124.09,112.48,38.93,98.33,84.26,232.82,164.82,212.65,1749.51,255.08,282.33,205.51,45.38,20.63,230.82,104.46,162.4,54.39,122.48,120.46,133.01,1343.56,1342.99,52.88,169.83,50.53
2019-12-10,82.93,27.0,156.17,86.56,86.76,84.56,201.88,304.17,114.41,103.93,74.59,91.94,19.13,53.16,185.61,51.08,84.09,65.3,273.65,67.24,110.74,124.09,111.2,39.44,98.08,82.84,233.84,165.21,210.0,1739.21,252.57,283.85,205.2,45.39,20.93,229.5,105.12,162.04,55.94,122.35,120.9,133.53,1344.66,1342.89,52.95,167.66,50.05
2019-12-11,83.42,26.86,155.9,86.7,86.66,84.91,202.3,303.74,115.85,105.48,74.95,92.15,18.91,53.05,186.64,50.41,83.85,65.67,275.23,66.74,109.59,125.69,109.5,39.47,98.67,83.79,234.01,164.51,211.56,1748.72,251.63,280.6,205.17,45.52,21.28,229.5,105.93,159.08,56.48,120.9,120.64,131.54,1345.02,1344.25,53.04,168.74,50.3
2019-12-12,84.81,27.72,156.12,88.73,86.79,85.97,203.92,305.96,117.81,108.94,74.71,91.14,18.93,53.9,188.27,51.03,83.34,68.02,268.39,67.69,110.35,124.47,112.47,42.59,99.3,86.94,235.99,168.43,209.69,1760.33,251.02,284.42,205.88,46.79,22.04,232.4,108.02,156.85,58.56,118.43,122.64,133.13,1350.27,1348.49,52.59,168.56,49.93
2019-12-13,83.71,27.48,155.21,87.84,84.85,86.35,206.66,317.94,118.77,110.05,75.02,92.05,18.92,53.17,188.34,51.6,84.69,66.63,266.06,67.41,109.7,123.01,110.42,41.15,98.56,85.11,236.74,167.44,212.52,1760.94,253.93,284.12,206.15,46.52,21.35,230.74,107.14,156.47,58.65,119.2,124.72,130.8,1347.83,1346.87,52.925,168.79,50.16
2019-12-16,84.45,27.92,153.5,89.43,85.96,86.4,205.0,323.8,118.86,109.0,75.76,93.03,19.37,53.07,190.12,51.9,85.5,66.2,270.01,69.0,109.62,121.66,111.37,42.35,99.26,86.1,243.2,167.44,215.6,1769.21,257.94,291.78,207.01,46.19,22.07,234.44,107.79,156.37,58.61,120.9,123.68,132.31,1361.17,1360.7,53.48,170.75,50.6
2019-12-17,83.95,28.28,157.98,90.08,83.15,87.06,203.4,322.85,118.82,109.83,75.61,93.22,18.92,53.11,190.63,51.79,84.29,68.77,268.29,70.06,109.85,123.53,109.82,42.77,99.2,85.92,242.84,167.34,211.93,1790.66,257.07,290.74,207.6,46.81,22.47,235.61,106.9,154.9,58.26,120.9,124.95,137.03,1355.12,1354.89,53.875,169.93,50.83
2019-12-18,83.43,28.0,158.03,89.33,83.55,86.93,205.76,324.38,117.0,110.45,76.03,93.75,19.17,52.91,190.34,51.97,84.9,68.9,272.61,69.03,109.65,123.61,109.2,42.3,98.96,86.54,241.94,167.26,217.95,1784.03,254.67,293.18,206.03,47.13,22.74,233.11,106.22,158.14,59.02,121.23,124.26,138.16,1352.62,1351.91,54.28,169.03,51.36
2019-12-19,84.51,28.55,156.48,88.77,83.8,87.35,208.3,327.63,118.7,110.08,75.45,93.97,19.55,52.99,189.61,51.93,84.51,69.45,273.75,69.2,111.21,123.68,111.24,42.83,99.56,86.69,241.84,167.28,224.2,1792.28,255.75,298.22,209.73,47.35,22.71,233.06,107.05,159.82,59.13,121.66,124.83,136.48,1356.04,1356.44,54.22,172.15,50.79
2019-12-20,85.19,29.04,158.12,89.29,85.67,86.66,211.1,327.61,119.82,111.29,76.57,94.9,19.81,53.14,190.3,51.54,86.86,70.36,272.89,69.34,111.58,124.2,109.75,44.15,99.78,84.5,243.06,168.09,227.74,1786.5,258.89,303.0,209.93,47.42,22.62,235.0,107.15,159.24,59.22,122.72,125.77,136.48,1349.59,1351.22,54.95,175.37,51.13
2019-12-23,85.26,29.3,159.97,90.25,85.6,87.35,210.83,328.95,119.17,111.47,75.64,93.75,19.82,52.54,191.53,50.97,85.91,72.43,278.14,69.29,110.88,123.42,110.46,45.46,100.14,85.73,243.03,167.28,226.97,1793.0,255.73,303.18,207.8,47.14,26.53,235.14,107.26,159.21,58.89,121.39,124.49,137.06,1348.84,1350.63,54.3,178.47,51.55
2019-12-24,85.3,29.18,160.57,89.85,85.42,87.28,211.61,329.64,119.72,110.99,75.75,93.84,19.76,52.76,191.42,50.94,85.73,72.32,277.89,69.09,111.17,123.87,110.28,46.54,99.71,84.95,242.33,167.72,227.08,1789.21,256.49,304.5,207.7,47.5,26.17,235.05,107.23,160.1,58.81,121.62,124.74,136.55,1343.56,1344.43,54.27,176.68,50.28
2019-12-26,85.45,29.67,159.27,89.83,85.05,87.28,212.05,331.2,119.73,110.33,75.64,93.88,19.93,52.62,191.58,50.62,86.34,72.49,278.26,69.07,111.6,124.64,108.93,46.63,100.07,84.74,241.9,167.68,227.87,1868.77,258.33,304.76,207.95,47.74,26.27,236.08,107.99,160.03,58.89,121.88,125.41,137.88,1360.4,1362.47,54.22,176.59,50.4
2019-12-27,85.42,28.44,158.35,89.2,84.91,87.4,212.22,330.79,119.45,110.91,76.3,94.19,19.98,52.62,191.4,51.07,86.5,72.01,277.64,68.29,111.87,124.59,108.55,46.18,99.95,84.95,241.53,166.71,229.08,1869.8,258.68,306.42,207.51,47.81,26.12,235.49,108.06,160.4,59.185,122.96,125.19,137.72,1351.89,1354.64,54.34,177.26,50.4
2019-12-30,84.9,28.3,159.12,88.52,83.64,86.8,210.64,328.34,118.86,110.69,76.56,94.03,20.04,52.74,190.57,51.0,85.88,71.93,275.63,67.68,111.77,124.12,107.34,45.52,99.93,84.5,240.27,166.07,228.85,1846.89,256.8,305.31,207.64,47.57,25.5,235.33,108.28,159.67,58.88,123.05,124.3,137.84,1336.14,1339.71,54.38,175.83,49.89
2019-12-31,85.31,28.68,160.16,88.54,85.02,86.86,210.57,329.81,118.84,112.2,76.8,94.51,19.9,52.9,191.17,51.33,86.38,73.04,279.04,67.75,112.45,124.54,108.15,45.86,99.74,84.74,241.07,166.58,229.82,1847.84,257.41,302.03,208.29,47.64,25.59,234.99,108.23,161.58,59.42,122.85,124.49,138.0,1337.02,1339.39,54.72,176.42,49.91
2020-01-02,85.95,29.09,159.41,89.55,85.08,86.95,210.15,334.43,120.43,112.48,76.05,93.46,20.03,53.35,192.24,51.76,87.64,72.61,283.68,68.17,112.82,125.39,107.84,49.1,100.8,83.99,240.1,169.23,228.5,1898.01,259.59,300.87,208.79,47.77,25.36,231.14,109.23,159.73,58.65,120.2,125.85,139.61,1367.37,1368.68,53.63,180.0,49.25
2020-01-03,84.57,27.65,159.42,88.7,84.01,85.89,209.8,331.81,118.31,110.38,76.08,93.36,19.8,52.98,191.08,51.36,87.24,71.57,280.44,66.92,112.83,123.84,106.41,48.6,100.94,82.95,238.47,167.12,228.61,1874.97,256.97,296.88,207.97,47.35,25.69,226.0,108.09,160.64,58.67,120.98,124.6,139.63,1360.66,1361.52,53.8,178.45,49.63
2020-01-06,84.82,27.32,156.8,89.4,85.24,86.34,208.43,333.71,116.92,110.88,76.15,93.67,20.03,52.83,191.5,51.4,87.55,71.49,285.88,66.6,113.16,123.61,106.58,48.39,101.05,83.33,240.3,167.67,228.55,1902.88,254.59,300.45,208.57,47.65,25.64,225.9,107.53,161.03,59.74,120.75,124.06,139.19,1394.21,1397.81,53.75,178.62,49.83
2020-01-07,85.08,27.22,154.94,88.89,84.63,85.86,203.93,333.39,119.58,110.25,76.43,93.69,20.1,52.33,190.47,51.11,90.2,72.43,283.06,66.18,112.19,122.13,106.85,48.25,101.63,82.39,238.04,165.65,223.68,1906.86,256.67,299.54,206.8,47.33,32.51,226.86,108.11,155.76,60.335,120.0,123.41,140.36,1393.34,1395.11,53.8,177.9,49.57
2020-01-08,85.92,27.84,153.16,89.52,85.45,86.21,204.33,337.87,120.66,110.21,76.3,93.41,20.06,52.49,191.15,51.71,91.4,71.18,286.0,66.5,112.5,122.65,108.58,47.83,101.86,82.53,238.22,167.14,225.62,1891.97,257.73,307.48,207.65,47.26,32.73,228.09,108.37,157.83,59.88,120.49,125.54,143.12,1404.32,1405.04,53.92,180.63,50.08
2020-01-09,87.27,27.95,152.87,90.21,86.66,86.44,206.15,340.45,120.66,110.75,76.59,93.88,20.26,52.5,192.65,52.28,93.19,72.74,296.54,66.37,113.78,122.87,110.74,48.97,101.36,82.93,238.93,168.87,226.47,1901.05,261.43,306.41,209.1,47.05,32.6,233.5,108.75,157.27,59.34,122.13,127.81,123.42,1419.83,1419.79,54.53,181.2,50.57
2020-01-10,87.59,27.32,149.01,89.06,87.04,85.36,207.66,339.81,118.57,112.07,77.01,94.34,20.18,52.07,191.83,52.03,93.53,72.1,293.33,65.89,113.45,123.43,109.48,48.165,100.76,82.93,238.26,169.16,230.8,1883.16,260.8,307.74,208.06,47.62,32.38,232.0,108.32,158.57,58.95,122.56,127.28,121.24,1429.73,1428.96,55.07,180.47,50.22
2020-01-13,87.46,27.39,145.26,88.52,86.15,85.12,209.59,345.63,119.06,112.42,77.63,94.63,20.31,52.5,191.38,52.62,94.68,75.86,298.07,65.87,114.48,124.65,113.92,48.745,100.83,84.55,236.92,169.73,235.41,1891.3,264.05,296.74,209.07,48.54,32.01,236.86,109.11,160.78,59.24,123.74,128.54,120.3,1439.23,1440.03,55.58,180.92,50.76
2020-01-14,87.99,27.53,148.9,88.2,88.83,85.74,207.73,344.63,119.53,112.15,77.61,94.98,20.4,52.2,192.54,52.34,93.93,78.18,287.61,66.18,113.8,124.72,112.79,48.21,100.84,84.78,240.0,168.42,233.95,1869.44,262.87,296.88,207.65,47.24,33.59,234.52,109.5,160.46,60.05,124.57,128.8,118.66,1430.88,1430.59,55.62,181.37,50.87
2020-01-15,88.62,27.58,150.21,89.26,91.37,87.38,207.26,342.94,117.51,113.18,78.2,96.6,20.46,52.3,193.85,51.78,95.12,80.12,274.1,66.59,114.26,125.32,112.53,48.545,100.66,84.69,241.7,168.29,235.38,1862.02,264.28,301.55,209.03,46.61,33.54,235.46,108.71,162.29,59.64,126.88,129.82,121.27,1439.2,1439.2,56.26,179.78,51.25
2020-01-16,89.46,28.23,151.94,89.26,91.46,88.28,208.98,345.38,119.13,114.03,79.21,97.31,20.57,52.79,193.83,52.36,95.82,80.42,285.03,66.54,116.15,128.51,112.51,49.77,100.19,86.38,240.5,171.95,232.24,1877.94,266.81,305.05,210.15,47.63,33.1,235.77,109.79,163.81,60.43,128.57,130.55,122.4,1451.7,1450.16,56.78,181.01,51.09
2020-01-17,90.12,28.4,151.05,88.0,91.06,89.0,209.2,349.74,119.47,112.91,79.75,98.56,20.5,53.42,192.68,52.9,95.31,80.9,280.7,66.62,117.55,128.05,113.27,50.93,101.78,85.64,241.49,172.43,233.42,1864.72,270.28,305.39,211.85,46.93,32.67,237.0,109.45,162.9,61.24,130.44,131.52,123.28,1480.39,1479.52,57.16,181.35,51.02
2020-01-21,89.61,27.2,149.0,87.99,91.25,89.73,209.15,350.0,119.31,111.85,80.03,99.34,20.47,52.84,192.58,51.67,94.95,81.32,273.17,64.99,117.8,127.14,113.01,51.05,101.26,85.38,237.6,170.25,236.73,1892.0,273.82,305.99,211.26,47.02,31.74,237.18,108.26,164.8,61.42,133.22,130.53,122.62,1484.4,1482.25,57.36,179.39,51.09
2020-01-22,90.13,27.32,147.65,87.21,92.03,91.86,209.41,350.06,120.42,111.62,79.91,100.0,20.4,52.53,191.66,52.26,95.585,81.38,279.31,65.59,117.65,129.45,111.4,51.43,100.27,86.04,236.75,171.14,235.16,1887.46,274.73,303.51,211.91,46.5,30.87,238.04,106.63,163.28,60.32,134.05,131.49,122.05,1485.95,1484.17,57.75,178.03,51.03
2020-01-23,89.07,28.8,149.73,85.27,91.16,90.73,210.68,351.76,120.86,111.8,80.3,100.97,20.56,52.56,190.6,51.61,96.44,81.9,270.78,67.18,118.15,129.8,108.55,51.71,100.78,85.47,235.04,171.38,237.83,1884.58,277.71,304.4,213.1,46.71,30.27,237.29,106.34,165.41,60.13,135.29,131.37,122.78,1486.65,1484.69,58.46,177.74,50.56
2020-01-24,88.26,27.64,141.68,83.54,88.92,90.4,208.57,351.37,117.57,107.4,80.39,102.16,20.38,52.39,188.19,51.06,95.52,81.18,269.98,66.72,118.28,128.0,105.27,50.35,99.57,82.91,225.59,167.57,237.52,1861.64,277.34,297.28,213.42,45.43,29.98,243.95,105.36,164.66,59.4,135.78,135.11,121.49,1466.71,1466.17,58.93,178.15,50.25
2020-01-27,86.56,26.11,139.06,84.02,87.52,89.59,206.55,346.9,112.21,105.65,80.11,101.78,20.08,51.83,189.0,50.13,94.23,78.94,260.91,65.34,116.58,127.67,105.3,49.26,97.78,79.8,222.95,162.4,237.47,1828.34,270.7,283.79,211.95,43.81,28.85,233.47,102.63,163.79,58.32,135.25,130.64,120.58,1433.9,1431.73,58.83,175.63,49.77
2020-01-28,87.18,26.9,138.58,83.77,89.11,89.54,210.24,354.63,114.31,107.33,80.32,102.19,20.18,52.37,189.25,50.41,94.83,80.2,267.82,65.54,117.54,129.44,106.97,50.53,99.33,79.18,224.84,165.12,237.18,1853.25,278.36,290.32,216.56,45.49,28.73,236.45,103.41,164.38,60.03,135.8,132.45,120.95,1452.56,1450.5,59.15,165.58,50.17
2020-01-29,87.24,26.8,138.55,83.2,89.86,89.14,207.96,351.66,113.23,109.69,81.02,102.81,20.32,52.38,188.8,50.35,94.84,80.73,261.6,66.89,118.36,130.82,106.94,47.51,99.63,79.48,227.15,166.04,233.44,1858.0,277.72,272.91,216.58,44.31,28.09,237.27,103.42,164.52,60.4,136.04,131.68,121.0,1458.63,1456.7,59.08,162.0,50.11
2020-01-30,84.38,27.72,135.27,81.78,88.88,89.16,208.37,356.74,112.37,107.18,81.9,104.1,20.18,53.04,187.61,51.3,94.61,80.78,262.89,66.01,119.88,130.66,100.3,48.78,99.33,80.31,226.15,170.51,235.2,1870.68,280.14,265.89,219.63,43.45,28.18,241.41,101.87,164.48,60.89,136.77,133.22,121.55,1455.84,1454.25,59.42,162.51,48.0
2020-01-31,82.56,26.84,131.75,81.02,85.56,87.14,205.21,351.14,109.75,102.79,82.05,104.22,19.86,51.57,186.64,50.26,93.35,80.28,257.1,64.59,118.54,129.32,99.39,47.0,97.15,79.85,216.05,165.41,231.74,2008.72,274.33,265.28,220.25,42.69,27.44,238.71,99.47,163.2,58.48,136.2,129.87,117.87,1434.23,1432.78,59.36,158.66,47.53
2020-02-03,82.15,27.16,132.65,82.3,85.7,87.06,207.8,358.0,110.0,100.59,82.63,104.22,20.31,52.01,188.44,51.16,93.68,80.79,253.02,64.65,119.05,132.18,100.85,48.02,97.72,80.25,216.88,167.46,234.07,2004.2,281.33,266.43,225.03,42.28,27.56,243.01,99.95,164.81,58.21,136.52,131.0,118.89,1485.94,1482.6,59.52,156.59,46.26
2020-02-04,83.52,28.43,131.56,84.36,88.09,88.23,212.53,366.74,112.46,102.4,82.27,102.87,20.61,52.17,190.16,50.65,95.22,90.43,256.52,65.77,119.95,135.25,102.94,49.45,99.11,82.07,221.81,173.28,237.45,2049.67,289.22,273.37,226.64,42.79,28.14,247.09,103.84,167.79,59.21,134.84,131.85,120.77,1447.07,1445.41,58.66,157.24,46.52
2020-02-05,84.93,29.1,137.02,86.63,91.44,89.56,212.22,365.55,116.68,106.85,82.68,102.12,20.76,53.28,192.1,52.48,95.95,87.58,267.5,66.33,124.67,133.28,103.65,49.84,100.03,84.53,231.94,176.06,236.38,2039.87,283.95,287.33,228.3,43.8,28.9,250.28,104.63,167.93,58.85,135.07,133.6,122.56,1448.23,1446.05,58.56,162.33,46.28
2020-02-06,84.82,28.3,134.37,87.18,92.48,89.47,214.16,367.46,115.79,106.5,83.17,102.25,20.58,52.74,192.88,53.41,96.95,86.95,266.76,64.02,123.89,132.41,104.04,49.32,98.68,83.23,231.45,175.91,237.81,2050.23,285.88,282.33,229.6,43.3,28.94,251.06,103.96,167.84,60.26,135.0,133.25,120.56,1476.23,1475.97,58.53,162.89,46.66
2020-02-07,83.17,28.38,132.93,92.29,91.94,87.87,211.58,366.09,112.27,105.92,83.6,101.34,20.5,52.93,197.05,53.46,96.12,82.54,258.67,63.96,124.43,134.04,100.56,49.73,98.3,81.52,229.33,175.32,238.75,2079.28,284.83,276.48,230.13,41.99,28.11,249.92,103.36,167.55,61.53,134.45,131.82,117.7,1479.23,1479.11,58.33,160.08,46.22
2020-02-10,84.43,28.79,130.68,94.75,93.6,88.3,212.55,370.0,112.9,103.44,83.98,101.92,20.52,52.74,199.65,54.14,95.76,83.25,259.03,64.43,123.95,136.38,101.01,52.26,98.6,82.3,227.42,175.77,243.69,2133.91,286.52,276.55,231.07,43.0,27.97,251.71,102.8,170.57,61.63,135.21,132.24,118.46,1508.68,1508.66,58.42,160.15,46.2
2020-02-11,85.09,29.84,132.11,96.0,94.57,89.17,212.14,369.28,116.88,103.69,84.27,102.22,20.79,52.94,200.99,54.47,96.37,84.71,264.46,64.55,125.1,137.89,102.46,53.8,100.15,83.01,228.96,177.63,254.27,2150.8,288.29,279.91,231.22,44.01,28.17,252.41,102.62,171.65,61.19,135.34,132.63,118.86,1508.79,1510.06,58.39,162.45,45.57
2020-02-12,85.43,30.47,134.32,97.79,95.78,88.79,211.99,374.29,118.81,104.63,84.57,101.79,20.96,52.4,202.1,54.28,97.45,86.83,273.61,65.54,123.78,138.57,105.19,53.89,101.77,83.71,227.0,178.64,256.18,2160.0,292.46,296.0,230.92,44.29,28.48,254.1,103.55,173.41,62.8,135.7,133.24,119.21,1518.27,1518.63,58.66,163.8,45.4
2020-02-13,85.47,30.09,134.67,95.35,94.52,88.68,212.4,374.84,118.88,103.49,85.75,102.85,20.83,52.46,199.26,50.93,99.6,87.93,272.97,66.5,124.89,136.83,103.42,54.53,101.44,82.53,223.04,178.4,256.9,2149.87,291.68,298.87,234.58,44.0,27.92,254.88,104.37,173.58,62.59,136.95,134.46,118.28,1514.66,1513.39,59.38,159.76,45.65
2020-02-14,85.82,29.2,133.59,94.05,94.36,89.66,212.37,379.67,117.65,102.83,86.79,103.76,20.93,52.81,198.32,48.48,99.67,89.64,274.95,66.11,125.57,138.9,102.56,55.31,101.34,82.9,223.48,178.82,256.25,2134.87,291.98,297.82,235.73,43.93,27.36,256.01,104.07,174.93,63.52,139.32,135.87,116.9,1520.74,1518.73,59.74,161.01,45.17
2020-02-18,84.79,28.63,141.81,93.61,94.31,88.88,213.76,378.85,118.57,100.5,86.75,104.33,21.03,51.88,198.0,49.01,100.96,88.7,269.93,65.49,124.3,134.36,102.16,56.89,100.47,83.27,221.69,177.29,252.93,2155.67,290.9,302.45,235.27,43.98,28.11,255.74,101.39,173.85,63.74,139.26,135.6,116.61,1519.67,1519.44,60.165,158.88,45.22
2020-02-19,85.35,28.33,140.12,94.14,95.13,89.36,215.92,383.28,123.89,101.36,85.88,103.5,20.91,51.55,198.81,49.41,102.56,89.34,277.15,65.17,124.26,131.16,103.21,58.9,100.17,86.71,222.96,179.04,248.1,2170.22,296.14,304.06,237.43,44.1,28.47,255.82,103.11,169.19,64.37,138.7,136.93,116.15,1526.69,1524.87,59.465,159.34,45.14
2020-02-20,84.34,28.51,142.48,94.23,96.53,88.46,213.9,378.96,124.55,103.06,85.66,102.38,20.8,51.49,198.74,49.8,101.47,94.31,272.49,65.36,123.46,129.85,102.54,57.27,100.55,88.1,222.14,179.72,247.54,2153.1,294.02,293.94,234.33,44.52,28.58,255.4,103.71,168.72,64.0,137.3,136.58,115.85,1518.15,1516.99,59.57,158.56,45.56
2020-02-21,85.07,27.82,140.61,94.96,97.0,87.45,211.89,372.95,122.76,102.16,85.34,101.71,20.75,51.53,200.15,48.6,100.52,92.43,260.26,65.43,123.62,128.58,103.14,53.28,99.34,88.78,222.79,175.43,247.01,2095.97,287.11,294.71,231.51,44.09,28.4,254.97,101.75,167.98,63.375,137.77,134.9,115.7,1485.11,1483.46,59.14,156.93,45.89
2020-02-24,80.5,25.45,139.91,93.14,94.93,84.63,204.36,357.41,117.36,98.72,84.82,100.04,20.25,49.23,198.17,45.7,97.11,89.61,240.11,63.01,120.54,126.95,99.02,49.12,95.36,85.28,217.88,164.47,245.11,2009.29,276.74,277.5,223.3,42.84,26.75,245.53,97.67,166.74,62.31,136.53,128.19,112.82,1421.59,1419.86,58.835,152.55,43.8
2020-02-25,77.95,23.12,137.6,89.18,92.93,81.13,197.1,347.8,114.66,93.75,83.56,98.17,19.38,47.7,193.73,45.24,93.73,85.83,229.61,58.81,117.31,124.0,96.14,47.57,91.75,82.33,210.38,156.23,246.14,1972.74,266.44,267.4,222.44,40.95,25.5,235.49,95.47,163.65,59.51,133.09,120.9,107.35,1388.45,1386.32,58.01,146.85,42.49
2020-02-26,78.11,22.31,134.54,88.41,93.71,81.36,195.67,351.34,114.84,90.94,85.21,97.43,18.69,46.55,193.19,45.0,92.54,85.65,227.54,57.37,115.73,123.66,94.78,47.49,91.11,81.68,214.54,156.0,242.67,1979.59,270.19,268.15,222.49,39.6,24.43,235.52,95.67,163.08,59.37,133.04,118.5,105.39,1393.18,1390.47,57.83,148.96,42.12
2020-02-27,77.43,20.6,134.13,85.42,86.59,79.19,186.44,337.52,107.72,87.7,81.57,91.86,18.29,44.4,189.52,43.41,89.31,80.8,223.97,52.96,109.92,118.18,92.09,44.01,87.36,80.28,203.5,146.18,232.93,1884.3,244.15,257.86,212.22,40.12,25.07,224.09,92.58,154.68,58.33,127.78,112.81,99.75,1318.09,1314.95,54.95,150.16,40.3
2020-02-28,77.07,19.05,132.98,85.71,84.32,77.03,180.59,345.12,109.05,85.88,79.0,89.26,16.73,42.85,190.67,42.16,86.51,81.85,218.35,50.46,105.25,114.99,94.03,45.48,86.0,75.22,199.73,141.3,226.8,1883.75,242.19,257.09,208.0,39.55,24.92,219.61,91.68,151.88,58.13,123.66,109.93,102.86,1339.33,1339.25,52.12,149.24,40.37
2020-03-02,81.97,18.86,132.99,88.69,87.16,81.61,189.55,360.28,111.27,86.07,84.42,95.09,18.22,45.29,193.84,42.85,90.91,84.3,230.22,50.03,112.67,120.86,96.16,47.46,90.02,78.36,212.2,150.86,240.75,1953.95,258.81,271.27,221.06,41.0,25.52,230.65,94.93,155.58,60.59,130.84,113.87,102.59,1389.11,1386.32,55.36,153.02,42.07
2020-03-03,80.32,17.85,130.33,87.57,85.87,77.99,182.22,348.34,107.2,79.68,83.16,95.45,17.43,43.33,191.94,41.49,90.28,82.79,224.56,47.37,109.2,119.34,93.72,46.75,87.32,73.81,204.42,140.56,242.65,1908.99,249.07,256.38,214.8,38.7,24.99,227.36,92.97,157.75,58.75,131.42,108.01,99.81,1341.39,1337.72,54.77,145.24,41.9
2020-03-04,84.35,18.53,132.9,91.75,90.38,82.09,188.86,363.85,112.46,80.69,87.07,99.82,17.83,44.55,195.94,42.54,94.9,86.27,234.7,49.69,114.51,124.35,97.22,50.11,91.01,75.42,215.11,144.46,251.66,1975.83,259.5,296.42,225.48,40.57,25.13,237.2,97.0,163.44,62.55,140.31,115.7,104.67,1386.52,1381.6,57.86,153.98,43.93
2020-03-05,80.46,16.04,126.92,90.61,86.97,80.52,182.56,351.03,108.87,74.21,86.05,98.79,16.73,41.58,192.89,40.65,92.98,84.77,230.69,43.46,108.46,122.65,94.18,48.11,89.07,70.7,212.12,134.51,246.94,1924.03,248.06,287.16,216.78,41.63,24.34,234.0,93.42,160.94,61.52,139.36,110.94,100.51,1319.04,1314.76,57.39,151.41,43.16
2020-03-06,78.56,15.97,127.91,88.82,85.81,81.74,178.75,336.77,107.0,72.61,85.35,97.7,16.82,40.78,191.95,37.84,90.62,82.6,225.17,45.21,107.14,119.8,91.98,48.59,88.52,70.49,210.65,126.6,246.32,1901.09,237.78,282.19,214.81,42.69,20.7,229.71,92.56,159.06,59.97,141.0,108.24,103.05,1298.41,1295.74,57.49,153.65,42.15
2020-03-09,70.75,14.75,130.36,85.27,83.27,77.02,164.11,305.79,97.51,63.02,81.6,94.96,14.58,37.59,185.46,32.81,82.62,72.96,216.84,43.19,95.61,115.0,86.42,43.27,76.26,62.45,198.37,109.13,231.86,1800.61,222.41,269.82,178.93,40.95,9.55,205.15,85.53,148.3,57.35,137.19,98.29,98.65,1215.56,1215.79,54.16,144.06,40.34
2020-03-10,72.91,17.0,135.2,87.53,86.07,80.88,174.56,332.38,102.44,63.56,82.59,94.72,15.21,39.22,189.21,35.07,86.15,75.19,228.16,46.78,99.26,118.39,88.84,45.38,82.26,66.86,206.8,119.28,243.87,1891.82,229.12,286.05,183.1,42.19,10.79,214.58,90.49,157.12,60.71,137.71,103.3,103.38,1280.39,1275.17,54.0,153.3,42.15
2020-03-11,68.84,16.26,125.62,84.85,84.96,78.09,165.11,315.23,94.41,57.28,80.87,89.72,14.16,36.94,185.5,32.43,87.02,70.07,202.18,45.7,92.77,114.78,83.77,45.7,77.25,61.5,198.65,110.78,232.9,1820.86,217.73,281.69,184.98,39.97,8.25,207.8,84.27,151.39,59.33,129.67,95.38,97.43,1215.41,1210.9,51.59,147.24,40.48
2020-03-12,63.42,13.45,109.17,78.61,80.49,74.74,152.53,285.0,90.01,46.82,72.4,82.54,12.18,31.42,174.57,25.67,80.05,64.79,180.12,35.08,83.8,103.39,76.71,39.01,67.52,50.38,182.24,92.42,217.83,1676.61,204.46,256.21,173.49,38.73,7.76,187.73,75.12,136.39,54.56,117.97,83.53,88.01,1114.91,1111.55,48.18,133.58,36.42
2020-03-13,69.2,14.31,113.69,85.37,90.0,81.65,166.51,335.5,99.79,49.51,76.15,86.47,13.0,34.69,183.85,28.5,85.73,68.01,195.88,37.95,92.77,111.81,80.44,43.9,74.6,57.17,202.1,113.34,238.99,1785.0,235.42,270.34,177.45,41.49,8.07,206.36,79.6,147.74,59.04,128.29,99.6,95.68,1219.73,1214.27,50.9,141.68,40.07
2020-03-16,64.13,15.92,95.25,74.27,80.5,73.66,152.54,286.03,83.21,36.11,65.95,81.66,10.99,28.99,164.7,23.25,83.23,58.96,161.72,32.53,84.98,97.71,75.56,38.71,62.54,52.57,188.68,86.34,202.75,1689.15,206.35,224.04,170.53,37.99,5.46,180.35,68.34,122.31,52.76,118.81,85.87,84.32,1084.33,1073.0,47.56,130.91,38.22
2020-03-17,70.44,15.58,100.25,73.02,89.5,79.49,157.71,311.81,95.44,30.87,77.69,91.2,11.56,30.15,171.84,22.25,88.43,67.06,169.25,32.53,87.94,102.6,82.36,41.88,65.9,59.54,207.8,97.94,227.53,1807.84,234.29,238.32,164.47,39.13,4.46,205.1,71.33,135.18,56.16,138.5,86.58,89.64,1119.8,1118.06,52.37,134.44,39.85
2020-03-18,68.87,11.65,88.74,71.03,84.97,79.26,151.15,294.61,82.23,22.61,76.15,88.28,9.56,25.27,169.23,18.78,97.1,68.64,145.76,25.13,75.55,96.68,82.5,39.12,65.65,58.93,204.88,93.91,217.14,1830.0,221.67,206.96,155.92,38.43,4.44,201.57,68.41,132.95,55.59,130.08,73.75,73.54,1096.8,1091.19,48.97,137.02,38.32
2020-03-19,65.76,10.29,85.97,71.06,86.0,74.5,158.5,307.51,90.32,25.38,71.88,80.81,10.99,26.9,171.26,20.6,88.85,61.94,142.23,24.18,74.69,94.16,83.5,39.82,69.01,55.33,198.76,95.43,209.0,1880.93,221.09,200.87,151.08,36.85,4.95,191.04,68.76,132.0,54.13,115.12,77.07,77.55,1115.29,1111.67,45.03,137.51,37.1
2020-03-20,66.46,10.38,75.03,68.82,80.61,68.0,149.94,295.34,85.08,27.55,62.93,71.45,11.87,26.73,170.88,19.23,82.37,53.45,144.82,23.56,73.87,82.84,80.35,39.61,63.37,48.77,188.25,89.83,195.39,1846.09,213.11,191.59,149.55,34.75,4.83,189.15,70.04,123.31,52.05,100.69,74.12,76.53,1072.32,1068.21,40.7,124.89,34.28
2020-03-23,63.37,10.25,78.5,64.5,73.93,62.82,143.69,307.27,85.16,31.02,61.37,70.0,11.87,25.69,167.7,19.3,85.54,50.9,137.72,24.03,73.23,78.6,81.13,41.64,58.21,45.15,185.93,82.88,179.09,1902.83,208.35,174.68,145.48,35.6,4.31,176.73,69.0,114.92,56.47,97.07,68.96,71.08,1056.62,1054.13,39.99,117.87,31.38
2020-03-24,67.0,13.92,86.38,67.49,79.85,69.69,156.85,310.0,93.73,42.01,65.29,72.05,12.66,29.11,170.85,22.93,89.98,56.03,165.28,28.91,77.92,84.92,85.93,46.22,67.94,49.59,202.34,100.06,190.27,1940.1,217.43,196.84,166.04,36.49,5.58,194.42,74.15,129.51,54.43,103.95,84.05,84.03,1134.46,1130.01,43.86,132.72,32.38
2020-03-25,69.0,15.39,90.37,67.91,75.35,70.75,151.82,305.91,94.36,38.51,67.54,73.29,12.82,36.73,169.0,25.72,89.35,60.02,183.68,29.84,83.0,89.45,84.47,44.63,71.0,51.35,193.14,103.6,199.26,1885.84,212.31,216.37,163.15,36.89,5.89,191.15,74.92,133.4,52.87,110.45,90.17,81.17,1102.49,1101.62,44.18,131.54,34.37
2020-03-26,73.72,15.66,97.12,73.83,84.16,75.81,171.34,322.67,92.62,37.55,72.79,81.8,13.5,35.77,175.54,27.51,94.38,60.46,191.64,32.49,89.5,96.78,86.14,47.5,72.41,56.84,198.49,110.87,222.2,1955.49,230.37,235.67,165.7,37.28,5.76,201.34,79.17,141.8,57.72,119.32,93.29,85.64,1161.75,1162.92,47.9,136.18,36.64
2020-03-27,70.91,14.04,95.6,72.67,81.78,74.56,162.88,305.83,88.67,36.47,74.24,83.4,13.45,35.4,173.0,25.51,90.61,55.02,177.04,29.87,88.46,91.62,84.01,46.58,71.01,56.36,198.27,103.33,218.48,1900.1,223.02,222.96,165.42,36.85,4.86,193.17,74.27,143.47,56.96,120.77,88.73,82.82,1110.71,1110.26,47.75,133.24,36.64
2020-03-30,72.67,12.25,96.5,75.24,88.1,79.34,169.82,318.39,90.97,34.3,78.17,83.71,13.66,36.26,176.31,25.71,94.19,55.6,179.92,28.33,94.64,95.01,87.26,47.86,73.72,60.43,208.48,109.15,230.58,1963.95,235.13,230.58,171.03,38.6,4.11,206.53,75.83,144.65,58.47,126.72,90.27,85.76,1146.82,1146.31,50.57,137.74,37.31
2020-03-31,71.62,12.19,93.32,76.19,88.5,78.91,163.26,318.24,89.65,33.65,72.83,79.98,13.6,34.24,177.1,24.25,91.49,56.37,173.95,28.47,91.73,92.02,89.79,45.48,72.02,59.14,202.73,102.48,217.75,1949.72,232.47,227.04,165.04,37.81,4.18,199.61,72.88,137.06,59.48,119.56,85.61,85.66,1162.81,1161.95,48.29,136.51,38.67
2020-04-01,68.92,10.69,89.17,73.42,86.23,76.57,154.68,301.21,84.09,31.04,67.73,74.57,12.8,31.9,174.9,21.61,91.6,54.84,157.2,26.35,86.4,84.59,89.93,43.66,69.81,56.15,197.81,94.31,206.97,1907.7,211.25,214.3,153.68,35.61,4.02,189.28,69.52,131.24,57.5,112.8,77.84,80.72,1105.62,1102.1,44.97,133.14,37.61
2020-04-02,72.29,10.06,88.41,75.13,83.89,79.44,156.27,303.96,87.7,28.29,71.67,76.79,13.04,31.83,177.54,21.25,93.12,53.66,152.07,24.66,85.79,84.42,90.35,44.49,71.09,56.72,208.88,94.05,220.75,1918.83,216.2,211.39,157.26,35.94,4.69,194.5,68.76,131.38,60.78,117.64,76.66,76.74,1120.84,1117.03,46.92,137.91,36.22
