timestamp,open,high,low,close,volume
2018-10-01,153.5000,153.5000,153.5000,153.5000,0
2018-09-28,153.3900,154.7200,150.6500,153.5000,21211444
2018-09-27,157.3400,159.3000,154.2800,154.7900,5103726
2018-09-26,157.4400,158.1600,153.5890,157.1000,2690881
2018-09-25,159.9100,163.1900,157.2900,157.2900,2932539
2018-09-24,155.4200,159.9000,155.1600,158.8700,2631007
2018-09-21,153.0300,155.9200,152.6600,154.7300,2456874
2018-09-20,155.4200,153.5800,148.7500,152.5600,1704192
2018-09-19,155.4200,155.4200,149.5300,150.2600,1843455
2018-09-18,155.8100,156.8900,154.8400,155.7700,1475504
2018-09-17,156.0700,156.4100,154.7600,155.5900,695413
2018-09-14,155.6700,156.8570,155.4900,156.0900,1466036
2018-09-13,155.9800,156.4200,153.8400,155.9100,1413566
2018-09-12,156.0400,157.6400,155.0300,155.8900,1058819
2018-09-11,152.5500,155.5000,152.4300,154.9400,1278742
2018-09-10,153.4900,154.3300,152.8000,153.2200,973126
2018-09-07,153.1200,153.8300,151.7300,153.2900,599014
2018-09-06,154.9500,157.6500,153.7800,153.8000,907304
2018-09-05,155.4800,156.2700,152.9800,155.4700,1255835
2018-09-04,153.2100,157.1000,153.2100,155.9200,1831526
2018-08-31,153.2100,153.3300,150.6900,152.7900,2571840
2018-08-30,154.8100,155.3000,152.3200,153.7900,1627870
2018-08-29,155.5400,156.7400,154.1900,155.4500,1013309
2018-08-28,155.0500,156.7200,154.8700,155.5500,1298115
2018-08-27,155.6900,156.9900,154.4700,155.3800,1453835
2018-08-24,152.4500,155.6100,152.3200,155.2600,1578449
2018-08-23,149.6500,152.2900,149.3000,152.2400,839833
2018-08-22,148.0000,150.2000,147.8400,149.7100,1320085
2018-08-21,147.3100,150.6400,147.3100,147.9000,2004088
2018-08-20,145.0000,148.1800,144.8380,147.5100,996508
2018-08-17,144.9500,145.3200,143.5200,144.8400,965760
2018-08-16,145.7600,147.0300,144.1300,144.2300,1106743
2018-08-15,148.2400,148.5000,144.4400,145.1000,1364750
2018-08-14,148.9200,149.7300,147.6400,148.8400,942132
2018-08-13,150.3700,151.4700,148.7400,148.8100,1049415
2018-08-10,149.3700,150.7100,149.3400,150.2300,682635
2018-08-09,151.5800,152.2000,149.5900,149.9200,846285
2018-08-08,150.0500,152.0700,149.3000,151.5100,929879
2018-08-07,149.3300,152.0200,148.4300,150.8400,1403797
2018-08-06,148.4300,148.6600,146.8800,148.3900,1352020
2018-08-03,148.0600,149.0950,146.1800,147.1800,1358416
2018-08-02,148.7000,149.2600,147.6100,148.4500,580093
2018-08-01,149.4800,150.4300,148.6800,149.8200,797884
2018-07-31,151.7000,152.9700,149.9600,150.0600,1539091
2018-07-30,151.1100,152.3300,150.6800,150.8000,1195719
2018-07-27,149.0300,151.6000,148.5700,150.3100,1313935
2018-07-26,141.3000,149.8050,141.3000,148.9600,1821121
2018-07-25,139.1100,140.7710,138.4300,140.5100,774355
2018-07-24,138.4900,140.2500,138.4900,138.9800,1002593
2018-07-23,138.0200,138.3000,136.7100,137.9200,727596
2018-07-20,137.1700,138.1050,136.4900,136.9400,1223036
2018-07-19,136.9000,138.4600,136.9000,137.4900,938875
2018-07-18,134.8800,137.3100,133.9400,136.9200,1976699
2018-07-17,134.5400,137.1100,134.1600,135.6000,891463
2018-07-16,134.3700,135.6800,133.8000,135.0700,449576
2018-07-13,133.7200,136.0300,133.5400,135.4900,841949
2018-07-12,133.4600,133.9600,131.6500,133.6800,656241
2018-07-11,134.8100,135.4500,131.7400,132.8400,672920
2018-07-10,135.7000,137.8000,135.6100,135.7700,796047
2018-07-09,133.4000,136.1800,133.4000,135.6300,1369360
2018-07-06,131.1200,134.3700,131.1200,132.9900,1146107
2018-07-05,134.4800,135.3500,129.8500,131.8800,2336790
2018-07-03,133.4600,137.0800,133.2100,133.4000,2888528
2018-07-02,130.1000,131.8500,129.7600,131.8100,1537878
2018-06-29,130.7100,133.1200,130.7100,131.1800,1245094
2018-06-28,129.9100,131.7700,129.6250,130.2800,1333033
2018-06-27,132.8800,133.4700,129.6300,129.9000,1586121
2018-06-26,130.8800,132.6500,130.7900,131.6600,842521
2018-06-25,134.7800,134.9100,129.4900,130.4800,1929729
2018-06-22,136.5600,137.6600,134.6900,135.0500,3040749
2018-06-21,136.9700,136.9700,134.8700,135.0600,1406237
2018-06-20,138.2100,138.8200,136.4400,137.0800,763134
2018-06-19,136.9900,139.2580,136.8300,137.9900,1465203
""
2018-06-18,136.9000,139.2900,135.8800,138.3800,922524
2018-06-15,138.1100,139.3600,135.6700,136.0000,2712267
2018-06-14,139.6100,140.4700,138.8840,139.0200,1027384
2018-06-13,139.6600,139.9600,137.8000,138.5700,1389769
2018-06-12,142.8200,143.6900,138.7900,139.3100,1719530
2018-06-11,144.8700,144.8700,141.6000,142.8700,1337321
2018-06-08,144.5000,145.3400,143.2000,144.6800,1470299
2018-06-07,144.3300,145.8400,143.6700,144.8000,1116462
2018-06-06,146.9800,146.9800,142.6700,144.5000,1211313
2018-06-05,149.7600,149.8900,145.8500,146.8000,1247428
2018-06-04,150.0800,151.8850,148.8600,149.5700,1424960
2018-06-01,145.5400,149.7800,144.6200,149.6800,1377925
2018-05-31,145.0000,150.4400,144.4300,144.4300,2205567
2018-05-30,142.7800,146.6600,142.5100,145.8500,1765096
2018-05-29,141.3000,144.3650,141.0200,142.5100,1236472
2018-05-25,142.1800,142.7700,139.3400,141.1900,1674181
2018-05-24,143.1800,144.8200,142.0000,143.9900,2022934
2018-05-23,142.6900,144.4000,140.8100,144.0000,1269232
2018-05-22,144.1100,146.7400,143.2600,143.7000,989078
2018-05-21,145.8300,145.9400,143.5400,144.0700,1648496
2018-05-18,145.4000,147.1000,144.4000,144.7100,1940661
2018-05-17,141.3200,147.2800,141.3200,146.8100,1852314
2018-05-16,140.8600,141.4100,139.2100,140.7100,1375290
2018-05-15,141.7800,143.2530,140.1550,141.2300,2754442
2018-05-14,140.7800,142.4300,140.5500,142.1100,1807472
2018-05-11,140.7100,141.3370,139.7600,140.1600,2058297
2018-05-10,141.4600,142.2800,139.5500,140.6700,2155391
2018-05-09,138.5500,142.1170,138.4800,140.2800,1751915
2018-05-08,139.5000,139.6500,136.1100,137.5500,2356101
2018-05-07,140.2900,143.3800,139.5600,139.6300,1910644
2018-05-04,140.6900,141.4400,139.0700,139.7600,2170361
2018-05-03,138.3100,141.7300,136.5800,141.5600,3201535
2018-05-02,132.8500,141.3800,132.8500,138.5800,4641895
2018-05-01,137.1700,137.9500,129.9200,133.4800,7934518
2018-04-30,134.3900,144.0800,132.1800,138.3200,14758477
2018-04-27,124.6900,125.0500,121.4100,122.3800,1332416
2018-04-26,120.3600,126.1100,119.2200,125.1500,2527084
2018-04-25,118.3200,120.4100,117.1600,120.0900,1690894
2018-04-24,119.3100,121.9000,118.2500,118.9200,1586323
2018-04-23,118.1100,119.7100,117.2700,119.5400,1161558
2018-04-20,116.6700,117.8400,115.4200,117.8100,1160823
2018-04-19,116.3100,117.2800,115.1400,116.4800,1772676
2018-04-18,116.0000,117.6300,114.7700,116.7000,2106196
2018-04-17,114.8900,116.3700,113.5500,115.4800,1554308
2018-04-16,111.3600,115.1150,110.8800,113.8400,2246921
2018-04-13,110.6500,111.1200,109.1400,110.5600,1309404
2018-04-12,113.4300,113.4300,108.7700,110.1300,2063118
2018-04-11,110.2900,113.6500,109.8700,113.1100,1845868
2018-04-10,108.2600,111.1600,107.1300,110.2900,2319702
2018-04-09,106.8300,108.0800,106.4600,106.5800,1908194
2018-04-06,107.3500,110.2000,105.5600,106.9000,3553515
2018-04-05,104.2000,108.1880,103.0000,107.7600,2524675
2018-04-04,101.3100,104.3900,100.3100,104.1100,1482670
2018-04-03,101.0500,102.7800,100.2000,102.7200,1766948
2018-04-02,100.5000,101.4300,98.4000,100.5000,1528704
2018-03-29,99.7500,101.0200,99.5600,100.5600,1117252
2018-03-28,101.9000,101.9000,98.4700,99.0300,1420159
2018-03-27,103.8200,104.3400,101.1000,101.5200,1546413
2018-03-26,101.9100,104.1550,101.4850,103.7800,2016100
2018-03-23,101.4800,103.9300,100.7500,100.8600,2136142
2018-03-22,101.4200,102.0500,99.8000,100.9300,1368955
2018-03-21,101.1200,103.6700,100.4400,102.4000,1643028
2018-03-20,99.5200,102.1300,99.4900,100.4500,1748039
2018-03-19,98.8900,99.2600,97.7600,98.6600,1399696
2018-03-16,97.2600,99.5300,97.0300,99.2000,2107828
2018-03-15,99.3800,100.1100,95.1300,97.2400,1978275
2018-03-14,98.5700,100.5900,98.5100,99.4300,1449588
2018-03-13,100.0400,101.2200,98.1900,98.5700,2002478
2018-03-12,102.6500,102.7050,99.2900,99.9900,2279844
2018-03-09,101.6900,102.9600,100.7600,102.1600,2171738
2018-03-08,97.1300,100.6300,96.8600,100.5000,4146225
2018-03-07,95.4100,98.1500,95.3500,96.7200,2073138
2018-03-06,95.0000,97.3100,94.5750,96.4300,2477008
2018-03-05,92.0100,95.2100,91.2300,94.4500,2294801
2018-03-02,90.4500,92.3000,90.1000,92.0000,1484291
2018-03-01,89.6400,92.3400,89.6400,91.0500,1950888
2018-02-28,93.6200,94.3700,89.5800,89.6200,1850706
2018-02-27,94.3600,95.2300,93.4000,93.5800,1599664
2018-02-26,94.4200,94.8500,93.6300,94.5400,1613686
2018-02-23,93.1300,94.6800,92.7900,94.5300,1429887
2018-02-22,93.0600,94.5200,92.4000,92.4500,1130623
2018-02-21,94.0800,95.0300,92.5500,92.5500,1400118
2018-02-20,95.5400,96.3900,93.5600,94.1800,1756882
2018-02-16,98.2300,98.9600,94.6600,96.1500,2727810
2018-02-15,99.0100,100.0000,97.8800,99.0700,1627851
2018-02-14,97.3700,99.4880,97.0300,98.6100,1187470
2018-02-13,97.2100,97.9900,96.7200,97.7700,1173527
2018-02-12,98.1400,99.8000,97.0800,97.6300,1293196
2018-02-09,97.9400,98.7350,94.5400,97.3100,1742297
2018-02-08,100.5300,101.2000,96.8600,96.9000,1959878
2018-02-07,102.8700,105.2100,100.5100,100.6200,2181191
2018-02-06,97.4800,103.3400,97.2500,103.1900,2591472
2018-02-05,102.0000,103.6600,97.8900,99.2900,1833560
2018-02-02,105.6600,106.5800,102.8900,103.5300,2046331
2018-02-01,108.1000,108.1000,104.8800,106.8100,2117279
2018-01-31,108.7000,108.7000,105.3400,108.1600,3519601
2018-01-30,109.7900,109.9700,108.2600,108.8700,1566873
2018-01-29,113.8000,114.0800,109.9600,110.7600,2137449
2018-01-26,115.3500,115.4450,113.8000,114.1100,1309826
2018-01-25,117.0700,117.0900,114.7800,115.1200,1782814
2018-01-24,119.2500,119.2500,115.7000,116.5700,1327931
2018-01-23,119.1900,119.3890,118.0800,118.6200,927396
2018-01-22,118.5200,119.5600,117.0000,119.2500,1115770
2018-01-19,118.3100,118.6700,117.1900,118.3500,1483619
2018-01-18,120.5400,121.0600,117.7700,118.2100,1205800
2018-01-17,119.6400,121.7100,119.2100,121.1300,1798835
2018-01-16,119.2700,119.9500,118.6350,119.1500,1529220
2018-01-12,117.6700,119.3300,117.5800,119.1300,1050258
2018-01-11,117.0000,118.1540,116.5200,117.4300,1092865
2018-01-10,115.7200,117.1300,115.5400,116.4800,937194
2018-01-09,116.1300,116.6750,115.8100,116.0400,1041702
2018-01-08,116.3700,116.8800,115.6300,115.9900,1401108
2018-01-05,116.1500,116.7100,115.1600,116.2800,898339
2018-01-04,116.8600,116.9100,115.3000,116.0100,1550891
2018-01-03,115.4000,117.0100,115.3000,116.4600,1731676
2018-01-02,114.9200,115.8700,113.9900,114.7700,1451819
2017-12-29,115.3500,116.0600,114.3400,114.3400,830944
2017-12-28,115.2100,115.5100,113.5000,115.3600,1287832
2017-12-27,114.2700,115.8200,113.7500,115.0000,1415728
2017-12-26,112.2500,114.4600,112.0900,114.3000,768278
2017-12-22,111.3000,112.8300,111.0700,112.1800,759803
2017-12-21,111.1600,111.6000,110.4100,111.0200,1285204
2017-12-20,110.9800,111.5000,108.7100,110.9300,1576860
2017-12-19,111.9200,112.2250,109.9800,110.3800,1542368
2017-12-18,111.5500,112.4800,111.0000,111.9500,2082843
2017-12-15,109.7800,111.5500,109.3300,111.5500,2495854
2017-12-14,109.1000,109.3400,107.2600,108.9600,2039112
2017-12-13,110.5400,111.2900,108.8400,108.9000,1866265
2017-12-12,111.4700,111.7500,110.2700,110.4000,1013254
2017-12-11,111.2300,112.1300,110.6900,110.9600,1174735
""
2017-12-08,109.3200,111.5600,108.3700,111.0400,1714009
2017-12-07,107.5000,109.4300,107.2900,108.9200,1118637
2017-12-06,107.3000,109.1900,107.0000,107.7400,1578680
2017-12-05,107.2200,110.4900,107.0000,107.5800,2460783
2017-12-04,104.7200,108.9200,104.4700,106.9700,2057659
2017-12-01,105.9800,106.2000,102.2900,104.4300,1539150
2017-11-30,105.4400,105.9800,104.4300,105.4700,1847115
2017-11-29,104.5400,105.3700,103.8700,105.1500,1209187
2017-11-28,104.2800,105.7100,103.9000,105.4600,1044739
2017-11-27,104.2900,104.2900,103.0000,103.5500,1152674
2017-11-24,104.0100,104.2800,103.5300,104.0000,456926
2017-11-22,105.6500,105.6500,103.0200,103.9500,1407898
2017-11-21,104.9400,106.2700,104.9400,105.3400,901684
2017-11-20,105.5100,105.5500,104.2700,105.1100,1183597
2017-11-17,104.6500,105.5600,104.4700,105.3400,585079
2017-11-16,103.9500,105.5000,103.2900,104.7900,1198554
2017-11-15,105.1800,105.1800,103.1200,103.8300,1596123
2017-11-14,105.9600,106.5400,104.8900,105.6900,1239369
2017-11-13,107.2000,107.8900,105.6500,106.1500,1253266
2017-11-10,107.4400,107.5900,106.4600,107.2000,1468266
2017-11-09,109.6200,109.8900,103.4400,107.0000,2954862
2017-11-08,110.8200,111.3600,110.1200,111.1400,988807
2017-11-07,111.5700,111.7920,110.4500,111.2800,887266
2017-11-06,110.6800,112.2100,110.0400,111.5700,1253707
2017-11-03,110.3900,110.6200,109.1800,110.1700,1149709
2017-11-02,109.3200,111.2700,108.5100,109.7300,1490181
2017-11-01,107.1200,109.2700,106.8600,109.2100,1171751
2017-10-31,105.1600,106.9300,104.8700,106.2400,1090370
2017-10-30,106.0400,106.4800,104.8700,104.9200,872173
2017-10-27,104.7600,105.7400,104.1800,105.7400,1164120
2017-10-26,105.2900,105.2900,103.7600,104.7500,1053884
2017-10-25,105.5000,106.8600,104.8500,104.9000,841751
2017-10-24,106.2600,106.9000,105.8300,106.7500,1090071
2017-10-23,106.8400,106.8400,105.6800,105.8500,942404
2017-10-20,105.3400,106.5600,105.0000,106.5600,1054595
2017-10-19,103.6800,105.0400,103.4800,104.9500,768591
2017-10-18,104.2000,104.6200,103.1900,104.3200,1005483
2017-10-17,104.3100,105.3990,103.9700,104.4500,1013211
2017-10-16,104.6200,105.1200,103.3200,103.8200,1466804
2017-10-13,106.1600,106.1600,105.0000,105.3700,819490
2017-10-12,106.1400,106.3500,104.9100,105.6800,1018341
2017-10-11,106.1200,106.5900,105.6400,106.4200,981809
2017-10-10,107.1300,107.1600,106.1000,106.3300,1125265
2017-10-09,105.8800,107.7100,105.6000,106.6600,1449544
2017-10-06,104.4500,106.3500,104.4500,105.9900,1185862
2017-10-05,105.2200,106.3100,104.1900,105.3600,1457903
2017-10-04,105.0700,105.1800,104.1600,105.1200,957994
2017-10-03,104.3400,105.3300,103.9200,104.7600,1398804
2017-10-02,103.0000,103.8900,102.4200,103.7500,1295837
2017-09-29,102.5400,104.5700,102.3900,103.1500,1385799
2017-09-28,101.8400,102.6500,101.0200,102.4800,1765555
2017-09-27,103.7600,103.8850,101.7900,102.4400,2062136
2017-09-26,105.1200,105.6000,103.7100,103.7600,1116501
2017-09-25,104.0600,105.4900,103.8150,105.2800,1510173
2017-09-22,103.9900,104.5000,103.6600,104.0000,845764
2017-09-21,104.1400,104.5300,103.5300,103.8100,1164965
2017-09-20,104.8400,105.6300,103.4900,103.7000,1623834
2017-09-19,103.2500,104.7600,102.6190,104.5500,1161370
2017-09-18,102.6200,103.5500,102.4500,103.1500,1220809
2017-09-15,101.6000,102.6300,101.0100,102.4200,2627348
2017-09-14,103.1000,103.1700,101.2300,101.5500,1155004
2017-09-13,103.7500,103.8700,102.2100,103.1700,1429376
2017-09-12,102.6800,104.0000,102.4400,103.4300,1205919
2017-09-11,102.0800,102.5800,100.3500,102.1900,1036153
2017-09-08,100.6800,102.1700,100.5000,101.5700,1172518
2017-09-07,0.0000,0.0000,0.0000,0.0000,0
2017-09-06,99.9600,100.3300,98.8500,99.5400,1638045
2017-09-05,101.8500,101.8500,98.1003,99.4100,1889474
2017-09-01,100.4700,102.2100,99.8400,102.2100,1806782
2017-08-31,101.0000,101.1800,99.2200,100.1500,1562988
2017-08-30,99.3000,101.1900,98.7500,100.6200,2076545
2017-08-29,97.6900,99.2848,96.7400,98.8100,2014765
2017-08-28,96.7700,99.1200,96.5050,98.5500,2550995
2017-08-25,95.3700,96.5500,95.0600,95.4800,1012913
""
2017-08-24,94.1200,95.8900,93.8400,95.0500,1657256
2017-08-23,93.1700,94.1100,93.0400,93.9500,1079007
2017-08-22,93.0100,93.7500,92.2600,93.4300,922721
2017-08-21,93.0100,93.0100,91.8200,92.7500,1151204
2017-08-18,92.5500,94.1100,92.3700,92.8300,1331188
2017-08-17,92.8700,93.9150,91.8500,92.7200,1385679
2017-08-16,94.7000,95.0000,93.0800,93.3700,1229728
2017-08-15,94.4900,95.2700,93.1500,94.6500,1088649
2017-08-14,93.7900,95.9900,93.5600,95.2000,1300767
2017-08-11,93.5500,94.7300,93.2100,94.4200,1272554
2017-08-10,95.0800,95.6900,92.6900,93.8300,2112803
2017-08-09,96.1700,98.0000,94.6800,95.4000,2310733
2017-08-08,96.5000,96.9300,92.6400,95.8000,2731150
2017-08-07,97.2500,97.7251,96.6050,97.1700,1043444
2017-08-04,97.8000,98.2800,97.5000,97.9300,1015326
2017-08-03,99.2100,99.4400,97.0900,97.7200,1644239
2017-08-02,101.0800,101.4000,99.4700,99.7400,1020449
2017-08-01,101.0000,101.5200,100.0100,101.3700,905006
2017-07-31,98.2500,99.7600,98.0100,99.5300,1252054
2017-07-28,97.7100,98.3000,97.3500,97.8700,863725
2017-07-27,97.6100,98.3200,97.0000,97.7000,1034497
2017-07-26,97.9400,98.3000,97.1700,97.7900,909783
2017-07-25,97.3300,98.6900,97.3200,97.8000,1709830
2017-07-24,96.8900,97.2200,96.5500,96.7100,1055498
2017-07-21,97.7700,98.2400,96.3800,96.9900,1710628
2017-07-20,98.0000,98.1300,96.8800,97.5400,1618617
2017-07-19,97.2800,98.2000,97.1500,97.7500,1961010
2017-07-18,97.5200,97.7300,96.6500,97.1100,1608992
2017-07-17,97.1500,97.6500,96.8600,97.0400,1549981
2017-07-14,96.5300,97.7600,96.3800,97.5800,1173345
2017-07-13,96.4000,96.8400,95.3200,96.7900,1205612
2017-07-12,97.4800,97.5000,95.7800,96.4600,1375201
2017-07-11,96.1200,97.2300,95.8500,96.3900,1526912
2017-07-10,95.9100,96.5500,95.5500,96.1200,1875452
2017-07-07,94.1200,96.5900,93.7300,96.2600,2029374
2017-07-06,94.6000,94.9800,93.3500,94.1300,1594819
2017-07-05,94.5800,94.9600,93.5600,94.1300,1373306
2017-07-03,94.1300,95.4500,93.9200,95.0300,686898
2017-06-30,93.5500,94.3300,92.9300,93.6000,1226006
2017-06-29,94.7100,95.1000,93.0700,93.2400,1338550
2017-06-28,93.7300,95.1100,93.4720,94.4500,2072143
2017-06-27,92.3700,94.4799,92.2200,93.5300,1995858
2017-06-26,92.5200,92.7700,91.7900,92.3200,1472712
2017-06-23,91.2800,92.4750,90.7600,92.2800,1636108
2017-06-22,91.5900,91.9200,90.7700,91.0600,1911365
2017-06-21,92.0400,92.6700,90.3700,91.1500,1858286
2017-06-20,92.3000,92.3500,91.0400,91.9600,1588827
2017-06-19,92.5900,93.0150,92.1800,92.7700,3004469
2017-06-16,91.8200,92.4700,91.3100,92.4300,2591117
2017-06-15,91.4300,92.0900,91.0900,91.7300,2446105
2017-06-14,94.1000,94.3200,91.8500,92.1300,3073993
2017-06-13,91.7700,94.2200,91.3965,94.2200,2775427
2017-06-12,91.6900,92.6700,90.6500,91.1900,4180043
2017-06-09,89.5600,91.9800,88.9600,91.7800,4270313
2017-06-08,89.2600,90.5200,89.1100,89.4600,4436409
2017-06-07,88.4400,89.7300,87.2900,89.4300,3516964
2017-06-06,86.4400,89.6300,86.2000,88.7400,3062717
2017-06-05,84.2900,89.6700,84.2000,86.8400,3371266
2017-06-02,83.0000,84.6000,82.5010,84.5100,2557376
2017-06-01,83.1900,83.9000,82.6100,83.2500,7872624
2017-05-31,84.1700,85.2800,82.0100,83.2400,4544736
2017-05-30,84.0100,84.9050,83.0800,84.0000,2409306
2017-05-26,84.0000,85.1500,83.0700,83.4600,2356500
2017-05-25,83.7900,85.6400,83.2800,84.2000,3790472
2017-05-24,83.1700,84.1900,82.4100,83.0900,967555
2017-05-23,83.3000,83.6200,82.2787,83.0200,1259643
2017-05-22,83.3500,83.6250,82.6800,83.2600,1195503
2017-05-19,82.0800,83.7500,81.3700,83.3100,1938345
2017-05-18,81.6300,82.5600,80.4600,81.4900,1754001
2017-05-17,81.3000,82.4600,80.9600,81.8400,3121273
2017-05-16,82.2300,82.2300,81.3300,81.8800,2070311
2017-05-15,81.4600,82.3900,81.3300,81.9600,1905864
2017-05-12,81.7000,81.9573,80.6380,80.8600,1594875
2017-05-11,83.5100,83.5100,81.7100,81.8300,1766411
2017-05-10,83.6900,83.8300,81.6800,83.0800,2495341
2017-05-09,81.8000,84.2300,81.8000,83.4700,3019146
2017-05-08,81.0600,82.0800,80.5600,81.8500,1762015
2017-05-05,79.3100,80.9200,78.9700,80.8600,1669189
2017-05-04,78.7710,79.6200,78.3500,78.9200,2076011
2017-05-03,79.2100,80.0200,78.2500,79.5600,1692240
2017-05-02,79.1200,79.7700,78.9400,79.5500,935387
2017-05-01,79.9700,79.9700,78.5500,78.8800,1321630
2017-04-28,80.1100,80.2200,79.0700,79.7100,1575333
2017-04-27,79.4800,79.9200,78.3500,79.8500,1673710
2017-04-26,80.0600,81.2000,79.7700,80.0700,1576805
2017-04-25,80.2000,80.7400,79.5500,80.6600,1653274
2017-04-24,78.8800,80.4800,78.3700,80.0400,2961882
2017-04-21,76.7400,78.1900,76.1500,77.8900,2106525
2017-04-20,75.5900,77.0900,75.4572,76.3900,1680845
2017-04-19,77.1600,77.3600,75.1100,75.4900,3121570
2017-04-18,78.7800,79.3800,76.8400,77.2100,2369740
2017-04-17,79.9000,80.0700,78.8400,79.3700,1521499
2017-04-13,81.1200,81.8400,79.7200,79.7700,1671656
2017-04-12,82.1400,82.4600,80.7700,81.1800,1652756
2017-04-11,80.6400,81.9300,80.0400,81.8500,2666944
2017-04-10,80.3900,81.6500,80.0200,80.9300,2416669
2017-04-07,79.1100,80.9800,78.9100,80.1700,2442702
2017-04-06,79.2200,80.1700,78.8000,79.3200,2316458
2017-04-05,80.3900,81.5400,78.7700,78.8300,2227698
2017-04-04,80.7600,80.9200,79.3450,79.8900,2187210
2017-04-03,81.3300,81.3900,79.5300,80.5000,2372966
2017-03-31,81.0600,81.6800,80.6500,81.0600,3174525
2017-03-30,83.3500,83.4800,80.6000,80.6400,8969714
2017-03-29,81.4700,83.2000,81.1500,83.0300,1391368
2017-03-28,81.4000,82.1600,80.7800,81.6300,1688673
2017-03-27,79.8300,81.7199,79.6700,81.4400,1644156
2017-03-24,81.3700,81.5600,80.0800,80.2800,2182776
2017-03-23,82.0100,82.7600,81.4700,81.7900,1982390
2017-03-22,81.5000,82.5400,81.0800,81.9900,2314682
2017-03-21,84.4800,84.5700,81.3400,82.0100,2097043
2017-03-20,85.1700,85.2200,83.4400,84.2300,1728186
2017-03-17,85.2700,85.6800,84.7500,85.3400,1811869
2017-03-16,85.7200,85.7800,84.7500,85.1300,1684462
2017-03-15,83.4500,85.7100,83.1300,85.4800,2305231
2017-03-14,82.6800,83.2300,82.0700,83.0900,1402177
2017-03-13,82.1200,83.5500,82.0050,83.4500,1702171
2017-03-10,82.0300,82.5900,81.3800,81.9500,1843806
2017-03-09,83.2300,83.2300,80.3900,81.7500,3111146
2017-03-08,83.4000,84.7900,83.1600,83.7600,2184489
2017-03-07,84.1600,85.0200,83.1100,83.4600,2672896
2017-03-06,83.2600,84.4000,82.5000,84.3600,1973784
2017-03-03,83.7900,84.6000,83.2100,83.4100,2322035
2017-03-02,85.7700,85.8700,83.1500,83.2100,3188158
2017-03-01,85.6900,87.1900,85.5100,85.9900,1930393
2017-02-28,87.7600,89.1813,85.1000,85.1900,4159907
2017-02-27,88.0000,88.7800,87.3700,88.3300,1776961
2017-02-24,87.6200,87.9700,86.4000,87.9500,1976560
2017-02-23,88.5900,89.1500,88.1100,88.8600,1780426
2017-02-22,88.3500,89.0900,87.3100,88.0000,2462538
2017-02-21,87.5000,89.1700,86.7400,89.0800,2762979
2017-02-17,86.7900,87.1200,86.1500,86.6400,1539336
2017-02-16,88.3500,88.5200,86.9800,87.2300,1781396
2017-02-15,88.1600,88.5700,87.2500,88.0100,1416429
2017-02-14,87.2700,88.0100,86.3800,88.0100,1568475
2017-02-13,87.3800,87.9400,87.1800,87.3500,1542350
2017-02-10,87.8500,88.1000,87.0000,87.3300,1988219
2017-02-09,86.0900,87.6700,86.0700,87.5800,2367470
2017-02-08,84.2100,86.1800,83.8800,85.3200,3934795
2017-02-07,85.9800,87.3800,84.1800,85.1900,6001030
2017-02-06,83.4100,84.5000,82.4900,83.3500,2896965
2017-02-03,82.4900,84.0500,81.8800,83.5200,2696469
2017-02-02,82.1500,83.4900,81.4000,82.5100,3078955
2017-02-01,81.3800,81.7600,79.9600,80.9800,2583143
2017-01-31,82.7500,82.7500,79.6100,80.8500,4005257
2017-01-30,81.8600,83.5000,80.6300,83.4100,3415231
2017-01-27,81.8400,83.7900,81.2201,82.0200,3991876
2017-01-26,82.3300,82.5100,81.5300,81.9400,2153861
2017-01-25,82.4100,82.5300,81.1600,82.0300,1824573
2017-01-24,80.8300,82.6200,80.5800,81.9800,2117843
2017-01-23,80.2200,81.0600,79.5567,80.4300,2081797
2017-01-20,81.2600,81.5400,79.8200,80.4800,1720355
2017-01-19,81.4900,81.5300,79.7400,80.5600,2551054
2017-01-18,80.3600,81.8600,80.1200,81.6300,2877931
2017-01-17,80.4900,82.6800,80.1800,80.8300,2662352
2017-01-13,80.4200,80.9900,79.0982,79.6100,2448180
2017-01-12,81.7800,82.5000,80.2500,80.6800,2601181
2017-01-11,81.6500,82.9300,81.1200,81.7700,2508135
2017-01-10,81.3800,83.9100,80.7300,81.5900,5300896
2017-01-09,83.5000,83.5300,81.1000,81.6800,3960131
2017-01-06,85.2800,85.4900,83.4356,83.7500,2344968
2017-01-05,86.0400,86.4100,84.0500,85.2700,2545090
2017-01-04,88.5500,88.9200,85.6000,85.7300,2807130
2017-01-03,88.5100,91.3700,87.7800,88.7800,2933913
2016-12-30,88.5600,88.9100,87.0900,87.4500,1387483
2016-12-29,89.1700,89.4900,87.5900,88.5500,1443087
2016-12-28,90.3700,90.4950,88.3900,88.6900,1478416
2016-12-27,90.7500,91.2600,89.8600,90.4300,969181
2016-12-23,90.1100,91.0274,90.0000,90.9500,901736
2016-12-22,89.8200,90.8000,89.7900,90.3100,1839247
2016-12-21,88.6200,90.1800,87.8900,89.6700,2081486
2016-12-20,90.6100,90.8300,88.5800,88.7700,2362803
2016-12-19,90.3400,90.8500,89.5800,90.5100,1625160
2016-12-16,90.3600,90.8300,89.9300,90.5500,2825052
2016-12-15,89.8200,91.8700,89.6500,90.4400,2002767
2016-12-14,90.9300,91.4300,89.4600,89.6500,1986916
2016-12-13,90.8300,92.5900,90.0200,91.6200,1643107
2016-12-12,92.5300,92.5900,89.8500,90.3600,2193340
2016-12-09,90.8100,90.9200,89.6400,90.1800,1773448
2016-12-08,92.3400,93.0161,90.1300,90.9400,2535894
2016-12-07,88.7500,93.0600,88.5200,92.0000,3037832
2016-12-06,88.2500,89.4000,87.4200,88.7300,2751526
2016-12-05,85.5300,88.7900,85.2100,88.6100,4794728
2016-12-02,82.5900,85.3000,82.4700,84.9100,2510815
2016-12-01,82.1800,83.7800,81.3500,82.2100,2208691
2016-11-30,82.5100,83.3300,80.5600,81.3500,3846375
2016-11-29,83.6600,84.5700,81.9000,82.1600,2354469
2016-11-28,86.4000,86.4000,84.1200,84.3600,1614466
2016-11-25,86.1200,86.6600,85.6500,86.4800,880766
2016-11-23,86.9600,87.5500,85.6700,86.0400,1818279
2016-11-22,85.1700,87.8200,84.5400,87.2500,3108177
2016-11-21,84.2400,84.9400,82.4200,84.7000,3596823
2016-11-18,85.8600,85.8600,83.1200,83.2200,3917469
2016-11-17,87.8400,90.5400,85.8000,86.5600,8929902
2016-11-16,86.1100,87.4000,85.6200,85.7400,1478859
2016-11-15,86.6700,87.1199,85.1450,86.0300,1568186
2016-11-14,85.4000,86.5300,84.7115,86.3100,1786690
2016-11-11,84.3200,85.5600,82.8200,85.3800,1435880
""
2016-11-10,83.2400,85.7700,83.2000,84.6100,2766429
2016-11-09,79.6700,83.8000,79.0300,83.2400,2488548
2016-11-08,80.2500,80.8300,79.5500,79.9600,1159632
2016-11-07,80.8700,81.6300,79.8600,80.4300,1339356
2016-11-04,79.6600,81.2500,79.1700,79.9200,1308293
2016-11-03,80.0000,80.6600,78.3200,79.6600,1685425
2016-11-02,82.5000,82.9050,79.0100,79.9400,2757606
2016-11-01,88.4800,88.8100,82.6000,83.1700,3996836
2016-10-31,83.1200,85.3600,83.0500,84.9700,2254241
2016-10-28,82.7700,83.9300,82.0800,83.5200,1495232
2016-10-27,84.3900,84.5500,83.0700,83.2100,1400542
2016-10-26,82.3200,84.4100,82.2600,84.3300,1527439
2016-10-25,82.0700,82.9500,81.1700,82.8000,1559072
2016-10-24,81.9100,82.4300,81.2500,81.9000,1169253
2016-10-21,80.2600,81.9900,79.7850,81.8000,1581183
2016-10-20,79.3300,80.9700,79.0900,80.8500,1926674
2016-10-19,82.2300,82.4200,79.5000,79.8200,2187682
2016-10-18,81.3000,82.9300,81.0300,81.4400,1519072
2016-10-17,81.5000,82.4200,80.1700,80.4700,1393486
2016-10-14,82.3000,82.6000,80.8400,81.6600,1410919
2016-10-13,80.0000,81.9900,79.5600,81.7600,1728057
2016-10-12,81.2800,81.2800,79.8300,80.7400,1524063
2016-10-11,81.4400,82.6800,80.5900,81.2700,1826212
2016-10-10,80.8100,81.1500,80.0600,80.3100,1388560
2016-10-07,81.6100,81.9300,78.8600,79.9800,1531407
2016-10-06,82.0000,82.6000,80.9500,81.2800,2086301
2016-10-05,80.9800,83.4400,80.9400,82.4100,1966538
2016-10-04,79.6800,81.3000,79.6800,80.2400,1860159
2016-10-03,79.2700,79.9800,78.4900,79.4300,1607518
2016-09-30,77.9900,79.8900,76.9203,79.5600,2529443
2016-09-29,82.2100,83.1200,76.7000,77.5700,4538105
2016-09-28,83.5200,84.2700,82.0595,82.8600,2402955
2016-09-27,81.3600,83.1600,80.7800,82.8900,1922970
2016-09-26,83.7300,84.3200,81.6200,81.8500,2339079
2016-09-23,82.7800,84.1200,82.5000,83.6100,2227209
2016-09-22,82.1300,83.7400,82.0300,82.9500,1871792
2016-09-21,81.7500,82.4700,80.1300,81.7900,2624156
2016-09-20,83.2100,83.2800,81.0200,81.0200,2445124
2016-09-19,82.3500,84.8900,81.6500,83.5400,2733628
2016-09-16,80.8500,82.9800,80.8400,81.9800,2575303
2016-09-15,79.7400,82.3900,79.7400,81.2500,2241234
2016-09-14,81.4600,82.6800,79.5200,79.7600,3346537
2016-09-13,81.1200,81.9000,80.4500,81.1500,2073931
2016-09-12,78.7800,81.8500,78.1300,81.5400,3313588
2016-09-09,80.9800,81.7500,79.1300,79.1400,3750116
2016-09-08,80.0000,81.8250,79.4000,81.5000,3645248
2016-09-07,76.7100,79.7500,76.4200,79.6800,4312243
2016-09-06,74.8100,76.7100,74.6500,76.6500,2270087
2016-09-02,73.8700,74.7200,72.9500,74.5500,1957385
2016-09-01,75.2900,75.4100,73.0300,73.3100,2325103
2016-08-31,75.6300,76.8200,74.5900,75.4200,2560797
2016-08-30,74.0700,75.8775,73.5700,75.8300,2057261
2016-08-29,73.5000,74.2900,73.3800,73.7500,2097498
2016-08-26,74.0500,74.8900,73.0100,73.9500,1735407
2016-08-25,75.9000,75.9000,73.5700,74.1000,2792851
2016-08-24,75.1100,76.1200,74.8300,75.9000,1936371
2016-08-23,74.6600,76.0100,74.4600,75.1500,1799745
2016-08-22,75.4900,75.6011,73.8100,74.4200,1716212
2016-08-19,75.2500,76.3000,74.9100,76.0700,1491537
2016-08-18,75.9300,76.0800,74.3700,75.7500,2390546
2016-08-17,76.7900,77.2300,75.6200,75.8500,2293985
2016-08-16,76.2300,77.1299,76.0500,76.9200,1764793
2016-08-15,75.8300,76.5000,75.0900,76.4000,1521107
2016-08-12,76.3400,76.3500,74.6200,75.3700,1770051
2016-08-11,76.2400,76.8800,74.6800,75.9900,2660168
2016-08-10,76.4900,77.5700,75.3500,75.7600,2223862
2016-08-09,77.6700,77.6900,75.2300,76.4900,2007842
2016-08-08,75.4500,77.8500,75.1500,77.4700,3025145
2016-08-05,74.2700,75.5700,74.2700,74.7100,2403700
2016-08-04,76.7200,76.9600,73.8000,74.2200,3875690
2016-08-03,73.5800,77.3200,73.0000,77.1300,2891495
2016-08-02,74.9300,76.2400,72.7800,73.9800,2459581
2016-08-01,75.5400,76.3400,74.0100,74.5700,1992334
2016-07-29,75.1900,76.3100,74.4500,76.1500,1516181
2016-07-28,76.0000,76.9700,74.8100,75.7800,1386348
2016-07-27,78.9000,79.4600,75.8000,75.9700,2074686
2016-07-26,75.8800,78.8100,75.5450,78.7300,1685201
2016-07-25,75.4800,75.7700,74.4300,75.6500,1481866
2016-07-22,76.4900,76.5450,74.6300,75.8200,1417582
2016-07-21,77.9000,78.2900,76.3000,76.3100,1082301
2016-07-20,77.3100,78.5300,76.2000,77.8700,1357292
2016-07-19,77.3800,77.8300,76.5300,77.0400,1346862
2016-07-18,75.1800,77.4700,74.8502,76.8200,1669029
2016-07-15,76.1300,76.4100,74.8500,75.4100,1478643
2016-07-14,74.9200,76.0000,74.0100,75.8000,1317539
2016-07-13,75.9200,76.4500,73.3500,74.2800,2209851
2016-07-12,74.8800,76.4400,74.3300,76.3100,2059132
2016-07-11,73.0700,74.2900,72.3900,74.0000,1682647
2016-07-08,70.6500,73.4000,70.2100,72.7200,2480996
2016-07-07,71.6200,73.9800,69.5600,70.0100,2986160
2016-07-06,74.4200,74.4200,69.4900,71.1600,4164889
2016-07-05,76.5100,76.9800,74.2300,74.9400,1466916
2016-07-01,74.4300,77.6100,74.4300,77.5100,1843221
2016-06-30,75.3000,75.5599,73.0700,74.9200,2416644
2016-06-29,75.5200,76.5900,74.6700,75.4800,2186849
2016-06-28,72.9800,74.3800,71.8200,74.0400,1476213
2016-06-27,74.2700,74.7000,71.0700,72.1600,1908724
2016-06-24,74.9500,76.5200,74.7900,75.2800,1756080
2016-06-23,77.4000,78.3700,76.9150,77.7800,1546444
2016-06-22,77.0700,77.6500,76.3000,76.8600,1323114
2016-06-21,75.3200,77.3500,73.8400,77.0600,1991091
2016-06-20,73.2000,75.4700,73.2000,75.0100,2721716
2016-06-17,73.8000,74.9200,72.1000,72.5000,2101358
2016-06-16,72.5000,73.9400,71.5500,73.4400,1975658
2016-06-15,71.5600,74.6300,70.7800,73.2000,2797499
2016-06-14,74.2500,75.5600,71.7800,72.7100,2981979
2016-06-13,76.8400,77.2700,74.1500,74.2300,1821093
2016-06-10,77.6600,78.2300,76.7800,77.2100,1878284
2016-06-09,80.0500,80.5800,78.3400,78.7500,1974844
2016-06-08,82.7300,83.1550,80.4550,80.8300,1562755
2016-06-07,80.5800,83.1400,80.3100,82.4700,2445495
2016-06-06,80.2600,80.7400,78.8500,80.1400,1617977
2016-06-03,81.1800,81.5470,79.0900,80.0300,1911028
2016-06-02,79.7900,82.9500,79.5600,81.5100,2708438
2016-06-01,77.5400,80.3800,77.4500,80.0900,2442408
2016-05-31,78.3000,78.9800,77.1200,78.0800,2424407
2016-05-27,77.1100,78.5200,76.5700,78.4700,1491609
2016-05-26,78.3400,78.4100,76.5600,77.3400,1924310
2016-05-25,78.6800,78.9600,76.7600,78.7400,2108562
2016-05-24,77.4300,78.7000,76.1150,78.5800,1256929
2016-05-23,78.6700,80.1500,76.9200,77.0100,1407034
2016-05-20,78.0800,79.1800,77.1600,79.0900,1521335
2016-05-19,79.0500,81.2600,77.1170,77.8500,1645294
2016-05-18,77.3000,80.1100,77.3000,79.4800,1931011
2016-05-17,77.5000,78.8300,76.1500,77.0200,1658204
2016-05-16,76.6200,77.8200,74.7100,77.7300,2025533
2016-05-13,75.5500,77.4100,75.3200,76.1100,1639190
2016-05-12,78.3200,78.6700,74.6200,75.6100,2271086
""
2016-05-11,77.1500,78.7300,75.9600,77.6700,1878049
2016-05-10,76.8500,78.1400,76.1800,77.1100,1796121
2016-05-09,77.8700,78.3700,74.4401,75.7100,1908168
2016-05-06,77.5300,79.4500,77.4700,77.9200,1913044
2016-05-05,79.6400,80.4200,76.6500,77.8600,3701797
2016-05-04,78.2800,79.2700,75.9551,76.8000,2791166
2016-05-03,79.5300,80.2350,78.5500,78.6500,2280307
2016-05-02,79.2500,81.2600,78.5700,81.0300,2120579
2016-04-29,84.5800,85.0100,79.5500,79.6900,2955450
2016-04-28,86.7300,87.8500,84.9200,85.1900,1309319
2016-04-27,86.3500,87.3800,85.3900,87.2100,1390580
2016-04-26,87.0600,87.4300,85.9900,86.1600,1282317
2016-04-25,86.0600,86.8500,85.2800,86.5300,1384782
2016-04-22,84.4000,86.7400,84.0000,86.2000,1587065
2016-04-21,83.8700,84.2100,82.0000,83.9800,1829034
2016-04-20,82.9500,84.2200,82.0000,83.5300,1552444
2016-04-19,83.0700,84.3600,82.1900,83.4400,1552230
2016-04-18,80.1300,83.0900,80.0100,82.8100,1655702
2016-04-15,82.8700,83.4600,80.6400,80.9700,1954325
2016-04-14,85.6100,85.8400,83.0900,83.3200,1291147
2016-04-13,84.3500,86.0000,83.5100,85.5500,1409568
2016-04-12,82.7100,85.1000,81.8200,83.8000,1753439
2016-04-11,83.4500,83.8400,81.7700,82.2000,2283863
2016-04-08,82.3500,84.7000,81.3900,83.1700,2265279
2016-04-07,81.7400,83.4000,81.0298,81.8200,1730433
2016-04-06,82.4200,83.1898,80.2600,82.2700,2331173
2016-04-05,83.2800,84.6000,82.1600,82.7100,1633373
2016-04-04,81.8400,85.0000,81.7700,83.8300,2095890
2016-04-01,85.0100,85.3860,82.1500,82.9500,3080345
2016-03-31,85.9600,86.9100,83.3400,86.0100,3469921
2016-03-30,90.7600,91.0550,85.7500,86.4700,2587964
2016-03-29,89.3200,90.1460,87.5100,89.7200,1725947
2016-03-28,92.0000,92.8360,89.4100,90.0100,2359860
2016-03-24,90.0500,93.5000,89.8450,92.4900,2749555
2016-03-23,91.3600,92.2700,89.9800,90.6200,1924525
2016-03-22,88.7800,93.4900,88.7800,91.5900,1954430
2016-03-21,89.5200,90.6499,89.2000,89.5700,1375265
2016-03-18,88.0300,91.3500,87.2800,89.7600,2898825
2016-03-17,86.5200,88.6800,84.7200,87.7000,2468632
2016-03-16,86.9100,88.1500,86.1500,87.9100,1935600
2016-03-15,85.7200,86.6300,83.7700,86.6100,1911126
2016-03-14,87.8800,88.9100,85.2600,86.7300,3994946
2016-03-11,86.9200,89.3300,85.2300,88.8600,2112469
2016-03-10,88.5000,88.5800,84.4900,86.0800,2662923
2016-03-09,84.9200,90.0900,84.8350,88.5000,2859130
2016-03-08,85.3300,86.2500,83.8600,84.0000,1955167
2016-03-07,83.6800,87.3700,83.0000,85.6300,2104748
2016-03-04,86.7000,86.8000,84.0900,84.8000,2582982
2016-03-03,83.6000,86.4700,83.0400,85.9900,2975406
2016-03-02,83.4300,84.4600,80.0300,82.1900,2356522
2016-03-01,81.0200,83.6600,79.0200,83.6200,2855751
2016-02-29,80.6700,82.2799,79.8900,80.6800,2448860
2016-02-26,78.9000,81.9900,78.4100,80.3500,2699545
2016-02-25,78.5600,79.1100,76.1100,77.7500,2819949
2016-02-24,74.8400,79.0800,74.5400,78.9500,3405625
2016-02-23,75.5900,78.6000,75.2500,75.5200,3586781
2016-02-22,73.7800,77.2300,73.3150,76.3200,4178129
2016-02-19,68.2900,72.4600,68.0400,72.1600,5236325
2016-02-18,71.4700,71.5400,67.8000,68.6400,3346456
2016-02-17,70.9800,71.9600,69.5300,70.5200,3916535
2016-02-16,72.5400,72.7900,68.7700,70.4300,3198139
2016-02-12,73.3000,74.2200,70.0500,71.0700,3540260
2016-02-11,72.8900,73.8500,70.6000,72.0100,2739991
2016-02-10,73.9900,75.2500,70.7000,74.0100,2987669
2016-02-09,71.9300,75.2400,71.7200,73.6200,2716424
2016-02-08,74.5700,74.5700,70.4800,72.9500,3643311
2016-02-05,79.2600,80.7400,75.9800,76.2400,3025551
2016-02-04,79.1200,82.0000,77.1800,79.7900,3655359
2016-02-03,81.1100,81.1100,75.8100,79.2100,4808192
2016-02-02,85.2700,85.7600,79.3500,80.5300,4693527
2016-02-01,86.3900,88.2900,85.2500,87.7600,2307758
2016-01-29,84.1200,87.2500,83.0000,87.2500,2283670
2016-01-28,84.8000,85.8000,82.4200,83.7500,2189100
2016-01-27,86.1500,86.1500,82.4100,82.8100,2853450
2016-01-26,86.6900,86.9200,84.7150,86.5000,2185214
2016-01-25,89.5200,90.5100,85.6300,85.7200,1981975
2016-01-22,87.5500,92.2900,86.8100,90.7300,2859104
2016-01-21,86.7000,87.1800,83.9000,85.2400,2783373
2016-01-20,86.9500,88.6100,83.3000,87.1900,3657769
2016-01-19,93.6400,95.1199,87.7500,89.6000,3149563
2016-01-15,92.8500,94.3700,91.3600,92.7100,3341975
2016-01-14,92.1100,96.8700,89.3000,96.4900,3298883
2016-01-13,104.1700,104.1700,90.8100,91.9200,5325448
2016-01-12,102.1600,105.1800,101.6500,104.6500,1943386
2016-01-11,101.5500,103.7500,99.1500,101.0700,3020386
2016-01-08,107.1900,108.0000,101.1100,101.6200,4842233
2016-01-07,104.2000,107.2900,103.9000,107.0300,2670814
2016-01-06,104.0900,106.9600,103.9500,106.3700,2759592
2016-01-05,106.9400,108.1000,105.0600,106.2800,2232950
2016-01-04,104.8300,109.2400,104.7800,107.1000,2987684
2015-12-31,103.7300,106.9300,103.4400,105.3700,1785490
2015-12-30,102.2300,105.3600,101.6600,104.2800,1315517
2015-12-29,103.6700,104.2500,102.2710,102.8800,1106208
2015-12-28,103.5900,104.0700,101.3900,102.4200,1147373
2015-12-24,104.4600,105.1600,102.9900,104.4700,543026
2015-12-23,104.7700,105.1400,102.6600,105.0400,1351013
2015-12-22,105.2000,105.9700,102.4600,102.9400,1426816
2015-12-21,104.8200,105.9500,103.3000,105.1800,1323145
2015-12-18,105.9500,107.2300,104.3200,104.3200,3073458
2015-12-17,105.3000,107.7000,104.2900,105.9500,2072747
2015-12-16,102.4400,106.5800,102.4400,104.7900,2116473
2015-12-15,102.2200,103.9000,100.6100,101.9400,2181204
2015-12-14,99.9900,102.0300,98.0700,101.8300,2649636
2015-12-11,105.3600,105.3700,100.2400,100.6000,2985257
2015-12-10,106.5900,108.6700,105.4400,107.0500,2796832
2015-12-09,112.1800,112.4900,107.1400,107.7700,2553713
2015-12-08,108.7300,113.5900,108.5000,112.2700,2370497
2015-12-07,111.3300,113.6100,108.6200,110.5600,1969551
2015-12-04,110.5600,113.1000,110.2000,112.3700,1747524
2015-12-03,113.1700,114.1200,109.7000,110.2300,1765362
2015-12-02,117.0000,118.2600,112.3800,112.7500,1876080
2015-12-01,115.8900,117.8600,114.0800,117.8100,1720764
2015-11-30,117.9800,118.0900,113.5000,115.1700,2101091
2015-11-27,116.7800,118.1000,115.9600,117.2200,499174
2015-11-25,117.6300,118.6900,116.7000,117.3000,1339170
2015-11-24,117.2200,119.6700,115.9200,118.2400,2217669
2015-11-23,114.4900,117.8600,113.7100,117.5900,1712840
2015-11-20,113.9500,115.2000,113.7300,114.4400,1218992
2015-11-19,114.0300,115.1400,112.1800,113.7900,1741810
2015-11-18,113.4900,114.4800,110.9200,113.7500,1771450
2015-11-17,113.4300,114.5800,113.0400,113.4500,1344396
2015-11-16,111.6900,113.5500,110.9400,113.4300,1270930
2015-11-13,111.4700,113.9200,110.8950,111.6600,1876483
2015-11-12,113.4100,114.3300,110.8800,111.6200,1888095
2015-11-11,115.1800,116.4460,114.0000,114.5800,1486031
2015-11-10,112.4300,115.8400,110.7500,115.1000,1643563
2015-11-09,114.5000,114.8700,111.5400,112.6800,1528603
2015-11-06,115.0000,116.5200,112.5700,113.6900,1848040
2015-11-05,114.7800,116.8900,114.0100,115.4000,2132772
2015-11-04,112.9600,115.0600,112.1800,114.5800,2611168
2015-11-03,111.4000,113.2000,109.6300,112.5300,2066964
2015-11-02,107.3400,112.1500,107.0000,111.3500,2922739
2015-10-30,109.1900,109.5800,106.8750,106.9300,2522564
2015-10-29,105.7800,109.8500,104.6480,108.9900,2898501
2015-10-28,104.6100,107.1100,102.7500,105.2800,2858321
2015-10-27,102.7700,104.6300,102.6000,104.4900,1543515
2015-10-26,103.5200,104.5600,102.7200,103.4400,1078936
2015-10-23,101.8200,105.1600,101.3880,103.6300,1385163
2015-10-22,101.0000,101.9500,99.8900,101.5300,1751049
2015-10-21,101.2600,101.5570,99.5900,100.2400,1668802
2015-10-20,102.1400,102.1800,99.1000,100.9100,1625119
2015-10-19,104.3300,104.5000,102.1800,102.5400,1527003
2015-10-16,103.6400,104.9400,102.7700,104.8900,1852338
2015-10-15,99.8800,103.5800,99.3281,103.5100,2036339
2015-10-14,100.1900,100.4700,98.3390,98.9900,2146508
2015-10-13,103.2300,104.0400,99.9600,100.0700,2034265
2015-10-12,103.5300,104.6100,102.7300,103.6300,1487677
2015-10-09,104.1100,104.8900,100.9100,103.4000,2554811
2015-10-08,102.8100,104.9800,102.1400,104.4100,2555682
2015-10-07,103.6700,104.3100,100.1710,102.9700,3551797
2015-10-06,104.5500,105.0000,101.3700,103.1000,3622330
2015-10-05,102.6900,105.5400,101.9300,104.8500,2846471
2015-10-02,99.3100,101.6100,97.8600,101.5400,2347411
2015-10-01,97.0400,100.5400,95.3700,100.2900,3110287
2015-09-30,99.4300,100.5600,96.2000,97.2400,4291899
2015-09-29,98.8800,100.8780,97.3900,98.3300,2069283
2015-09-28,100.5700,103.0400,96.3100,98.3800,3220844
2015-09-25,100.8800,103.0500,99.7404,101.5300,2668597
2015-09-24,98.6600,100.9270,97.3400,100.4000,3067432
2015-09-23,94.7900,99.2600,94.7500,98.9800,4381242
2015-09-22,92.3600,95.0500,92.0800,94.3600,2064661
2015-09-21,93.2400,96.0000,92.6600,93.6800,2487961
2015-09-18,92.3400,95.1400,92.3400,93.0500,3008476
2015-09-17,92.9400,95.2900,92.4700,93.8800,2644929
2015-09-16,94.3400,94.6199,91.4700,92.8300,3122821
2015-09-15,93.4500,94.6700,92.0100,94.1100,2398658
2015-09-14,95.2100,96.1700,93.1100,93.2100,2861382
2015-09-11,96.0000,96.6120,93.8000,95.5800,4177478
2015-09-10,97.1200,98.5967,96.4800,96.8000,2453084
2015-09-09,96.5400,98.8200,96.0600,96.2900,2201850
2015-09-08,93.4600,96.1400,92.6700,95.9800,2255822
2015-09-04,91.5400,93.7200,90.9900,92.0200,1697535
2015-09-03,92.4200,94.9400,92.3400,92.8600,2751527
2015-09-02,91.1600,92.5600,89.7450,92.4600,2722397
2015-09-01,89.6700,91.5900,88.9000,89.7200,2960415
2015-08-31,92.9700,94.9800,91.9700,92.0100,2786152
2015-08-28,90.6700,94.0500,90.6550,93.4600,2720338
2015-08-27,93.2900,94.2200,88.9100,90.6400,3802250
2015-08-26,89.2800,91.9300,87.4000,91.7600,2877047
2015-08-25,92.4000,93.0000,88.5000,88.6800,3034282
2015-08-24,86.9900,93.1300,86.3200,89.9700,3826877
2015-08-21,100.1600,100.2400,93.4500,93.6100,4784193
2015-08-20,104.0000,105.1100,101.8400,101.9600,1691791
2015-08-19,105.4900,106.3400,104.1300,104.9500,1860757
2015-08-18,103.8700,105.8200,103.7100,105.6500,1446396
2015-08-17,101.2800,104.2500,100.7800,104.2500,2019462
2015-08-14,102.8600,103.8800,101.3500,102.0800,2714007
2015-08-13,109.2800,110.7400,102.8000,104.4100,4705839
2015-08-12,109.0000,109.9400,106.8600,109.3800,2252425
2015-08-11,106.5200,109.6200,105.1900,109.4300,2197316
2015-08-10,102.9900,107.9500,102.4300,107.3600,3497958
2015-08-07,100.9300,102.7000,99.4600,102.0300,2243135
2015-08-06,98.1200,102.2500,95.6325,101.2700,4544461
2015-08-05,97.3100,98.5900,96.8500,98.1200,2498822
2015-08-04,97.0200,97.6300,95.6300,96.8200,1627228
2015-08-03,97.1000,98.2500,96.2200,96.8300,1871639
2015-07-31,96.4000,98.4700,96.1500,97.3400,1389700
2015-07-30,97.4000,97.6700,94.5600,96.2300,3143621
2015-07-29,97.6000,98.4000,96.5000,97.7600,1998535
2015-07-28,97.2500,98.8400,96.3300,97.7800,1531619
2015-07-27,97.9000,98.7400,96.2400,97.1100,1950712
2015-07-24,99.0000,99.8870,98.3100,98.9400,1400830
2015-07-23,99.7200,100.4800,98.2800,98.4400,1368944
2015-07-22,99.2700,100.7500,97.4080,99.7600,2322642
2015-07-21,99.6000,100.4900,97.3400,98.8300,2466069
2015-07-20,102.1400,102.1400,99.3600,99.5900,2533046
2015-07-17,102.8600,103.9400,101.0300,102.1400,1939833
2015-07-16,97.7200,104.4400,97.7200,102.7900,3184000
2015-07-15,98.4200,99.4000,97.5600,97.7100,2020825
2015-07-14,100.0200,102.2400,98.4100,98.7400,3519185
2015-07-13,99.4500,101.2500,98.8700,99.9600,3281995
2015-07-10,94.1100,98.9000,93.8900,98.4000,3831990
2015-07-09,92.6800,94.0700,91.6900,93.4100,3402289
2015-07-08,91.9100,92.9900,91.0400,91.6900,2438781
2015-07-07,91.4900,93.2300,89.9300,92.7000,3534145
2015-07-06,90.5900,92.1100,90.4500,91.5100,3160665
2015-07-02,88.5200,91.6500,87.8300,91.2100,3905957
2015-07-01,84.9700,89.0900,83.7500,88.5400,4305249
2015-06-30,84.7500,86.4900,84.0200,84.4100,2488832
2015-06-29,84.5000,85.5400,83.8100,83.8300,1597187
2015-06-26,85.4400,87.0400,85.4400,85.7200,2507739
2015-06-25,85.6900,86.2400,85.2500,85.6500,1192068
2015-06-24,86.9400,87.2100,85.4900,85.7900,1762479
2015-06-23,85.7400,87.7800,85.7400,87.3300,1736824
2015-06-22,85.2300,85.8200,84.6100,85.6300,1422664
2015-06-19,84.9000,86.6900,84.9000,85.0900,1967915
2015-06-18,83.5800,85.4000,83.5000,85.2500,2072044
2015-06-17,84.0400,84.9000,82.9500,83.5800,1098260
2015-06-16,83.4200,83.7400,82.9800,83.3700,805879
2015-06-15,83.2800,83.7800,82.9000,83.1400,1087475
2015-06-12,83.6800,84.0600,83.2900,83.5500,880410
2015-06-11,84.2000,85.3700,83.8500,84.2900,1342165
2015-06-10,82.8200,84.5500,82.8200,84.2800,1495656
2015-06-09,84.2900,84.2900,82.8215,83.0200,1182481
2015-06-08,83.8300,85.3800,83.2700,83.7800,1292993
2015-06-05,83.2100,84.7200,83.1500,84.2000,1612508
2015-06-04,84.0000,84.9100,83.2000,83.3700,1951088
2015-06-03,85.4800,85.9900,84.2400,84.7300,1773371
2015-06-02,87.7400,87.8700,85.4400,85.8400,2163849
2015-06-01,89.0300,89.5500,87.4300,87.6400,1891418
2015-05-29,89.5400,91.4700,87.7500,88.5000,2583058
2015-05-28,88.3100,89.6600,87.9300,89.0200,1615231
2015-05-27,89.1300,89.8900,87.7900,88.4000,1834655
2015-05-26,89.4900,90.0700,88.3000,88.7700,1336794
2015-05-22,90.0000,91.4400,89.7300,90.0900,1183297
2015-05-21,90.3500,90.9900,89.8500,90.4900,1181378
2015-05-20,91.2200,92.1300,90.0300,90.6400,1754558
2015-05-19,92.4700,92.7300,91.0100,91.2100,2034510
2015-05-18,91.3900,93.1400,90.3700,92.7900,1549640
2015-05-15,91.8850,92.8200,90.5500,91.3600,3149747
2015-05-14,89.1600,92.2300,88.8000,91.9300,2421659
2015-05-13,88.6900,89.5700,87.9100,88.8000,1974706
2015-05-12,88.1300,89.4000,87.1300,88.1700,2845974
2015-05-11,90.5200,90.9900,86.8800,88.2400,2923242
2015-05-08,88.9400,90.9700,87.7600,90.4800,3108176
2015-05-07,88.7000,89.1700,87.5300,88.8200,3425389
2015-05-06,89.5000,89.6600,88.0400,88.8200,1586067
2015-05-05,89.1600,90.1900,88.6101,89.2900,2080142
2015-05-04,89.9400,90.0000,88.1300,89.3300,1817163
2015-05-01,85.9100,90.2900,85.6800,89.9100,2068078
2015-04-30,86.9300,87.4700,85.0000,85.8300,2807491
2015-04-29,88.1900,88.6400,86.2700,86.8000,2287454
2015-04-28,88.7200,89.1300,87.8300,88.5100,1789984
2015-04-27,89.5700,89.6300,88.1501,88.9900,2107360
2015-04-24,86.8800,90.7800,86.8800,89.6300,3464398
2015-04-23,87.2200,87.5100,84.3100,86.5000,5490425
2015-04-22,86.3100,89.7700,85.2800,89.5300,3357979
2015-04-21,83.6100,86.1900,83.3600,85.8800,1907846
2015-04-20,84.8500,85.2200,83.3900,83.6200,1944238
2015-04-17,84.8300,85.2900,84.0100,84.7900,3018350
2015-04-16,83.3300,85.4000,82.9500,85.1200,2257854
2015-04-15,83.0500,83.7100,82.5000,83.3300,2388982
2015-04-14,83.0000,83.3100,82.0100,82.7900,2449551
2015-04-13,85.9400,86.1300,81.7700,82.1200,3116077
2015-04-10,85.8400,86.1300,85.0640,85.9800,1348648
2015-04-09,86.6900,86.9800,84.6800,85.2900,1691748
2015-04-08,85.1600,87.1600,85.1600,85.5300,2137449
2015-04-07,87.2800,87.9100,85.1500,85.5600,2515973
2015-04-06,87.1500,88.6100,85.5200,86.6500,2600680
2015-04-02,90.9200,91.1500,86.3200,86.6100,3187962
2015-04-01,91.5500,91.8200,90.3400,91.3100,1681919
2015-03-31,90.8600,92.4900,90.5800,91.2900,2060533
2015-03-30,89.5100,91.7200,89.1700,91.1500,3203066
2015-03-27,91.5600,92.2300,89.7200,89.9000,1758271
2015-03-26,92.1500,92.2300,90.5200,91.1700,1565166
2015-03-25,91.2600,94.1500,91.2500,91.6100,3706608
2015-03-24,92.2400,92.2400,89.7300,90.3200,2789514
2015-03-23,93.8200,94.7100,92.2400,92.3600,2253606
2015-03-20,92.3300,94.0700,92.3200,93.5100,3169274
2015-03-19,92.7500,93.5800,92.1200,93.0900,2004302
2015-03-18,89.1400,93.8700,88.9000,93.5400,3679263
2015-03-17,86.7500,89.4500,86.3000,89.1200,3127766
2015-03-16,85.8200,87.8600,85.1300,87.8100,2529340
2015-03-13,84.3500,86.9000,84.3500,86.2300,2430846
2015-03-12,87.2500,87.9900,84.2200,84.2700,2965806
2015-03-11,85.1200,87.2100,84.3700,86.6800,2049533
2015-03-10,85.0500,85.9300,84.4600,85.1100,2019666
2015-03-09,87.1000,88.6300,86.1100,86.1500,2301044
2015-03-06,88.9900,90.4099,86.3315,86.8800,2523919
2015-03-05,90.2200,90.4290,88.8600,89.3100,2343802
2015-03-04,90.8700,91.4600,89.0300,89.7000,2397284
2015-03-03,91.5700,92.2400,89.9000,91.0400,2544533
2015-03-02,91.6200,92.2800,89.6800,90.7600,3088795
2015-02-27,93.9800,94.8300,91.7100,91.8400,3034055
2015-02-26,90.3700,93.5700,90.3700,93.5200,2434593
2015-02-25,89.9900,91.9400,89.9600,90.8900,2473731
2015-02-24,91.8100,92.1400,89.4000,90.2100,3127452
2015-02-23,90.4200,93.4500,90.4200,91.6700,3503259
2015-02-20,90.2400,90.9100,89.1100,90.5800,3907102
2015-02-19,86.7000,91.4700,86.5600,90.5300,7912955
2015-02-18,83.3000,87.3500,82.8900,87.0900,6065321
2015-02-17,81.9000,83.8100,80.9500,83.2600,3124733
2015-02-13,81.3200,82.0450,79.9000,81.9200,5685411
2015-02-12,83.7300,83.9600,79.7700,81.4200,9003361
2015-02-11,87.4600,88.3400,86.9000,87.2900,2830187
2015-02-10,86.6700,89.1800,86.1100,88.1000,4358235
2015-02-09,85.4400,86.3700,84.5750,86.2400,1893479
2015-02-06,86.4300,86.4300,84.6850,85.3600,2119587
2015-02-05,86.4700,86.8800,84.7000,85.3700,2398484
2015-02-04,84.6300,85.7000,83.4800,85.2100,2462487
2015-02-03,84.1400,85.1900,82.8100,85.0800,4099214
2015-02-02,81.8400,82.6700,80.1200,82.5100,3914622
2015-01-30,80.0600,83.0700,79.6600,81.7300,3579518
2015-01-29,82.4200,82.6000,78.8400,80.4400,4606508
2015-01-28,80.3300,83.1200,80.1000,81.8500,3900468
2015-01-27,80.8400,81.5800,79.8800,81.3700,3012311
2015-01-26,79.8200,81.0600,79.0000,81.0000,3219762
2015-01-23,76.5800,80.3000,76.1900,79.6200,4859558
2015-01-22,74.4200,76.6300,73.8600,76.5600,3207867
2015-01-21,72.4200,74.1300,72.0000,74.0800,3262428
2015-01-20,66.7800,73.1900,66.7800,72.1500,4549119
2015-01-16,68.6200,71.6300,68.2900,71.0300,5471918
2015-01-15,67.1700,68.5400,65.1400,67.9700,5968660
2015-01-14,66.2600,67.1500,64.1600,66.7400,5979439
2015-01-13,70.7400,70.8800,65.9000,66.6700,4757406
2015-01-12,72.3100,72.3100,69.4701,70.0000,2854610
2015-01-09,74.1100,74.3400,72.2250,72.8600,2134338
2015-01-08,71.5500,74.4100,71.1200,74.2700,4010214
2015-01-07,72.6700,73.8800,70.5000,70.6100,3654630
2015-01-06,72.6300,73.2300,70.6300,71.8100,3177244
2015-01-05,74.9700,75.0550,71.8800,72.0600,2378824
2015-01-02,74.6100,75.6000,74.0000,75.5000,1769527
2014-12-31,75.1700,76.0500,74.2400,74.3500,1531114
2014-12-30,75.3900,76.5800,74.9100,75.3900,1351391
2014-12-29,75.7600,77.0200,75.0400,75.6100,1576499
2014-12-26,75.0900,75.7400,74.5400,75.2700,968502
2014-12-24,73.5700,75.1600,73.2200,74.6000,993511
2014-12-23,73.1000,73.8200,72.5200,73.5200,1616406
2014-12-22,71.8200,72.9000,71.0400,72.2500,2587057
2014-12-19,71.7690,73.3650,70.9100,72.0000,4494681
2014-12-18,76.0100,76.3500,69.0500,71.3800,7255571
2014-12-17,74.6200,74.8200,73.0000,74.5300,4546834
2014-12-16,74.4500,76.6200,73.0000,74.2100,2774542
2014-12-15,74.9700,76.4100,74.4400,75.4500,2685327
2014-12-12,73.2100,75.6500,72.5210,74.4100,2518090
2014-12-11,74.8200,76.2700,74.0400,74.2700,1744799
2014-12-10,76.0000,77.4970,73.7500,74.3600,4286266
2014-12-09,73.0400,77.2900,72.0000,76.9300,5027379
2014-12-08,76.0000,76.5900,73.0300,73.4300,4914807
2014-12-05,77.9600,79.0499,75.9600,76.1500,2546473
2014-12-04,76.8200,78.3300,75.8000,78.0700,2553570
2014-12-03,77.2300,77.9700,76.5000,76.8200,3033523
2014-12-02,74.9800,77.5780,74.7900,76.8500,3205338
2014-12-01,76.6300,77.6800,74.3800,75.3100,4347945
2014-11-28,76.4500,77.6600,75.4600,76.6200,1864586
2014-11-26,78.2400,79.0000,77.8000,78.3500,2204438
2014-11-25,78.0300,78.8200,77.4500,78.5500,2294278
2014-11-24,77.4800,78.3800,77.0500,77.8400,1992326
2014-11-21,76.7900,79.4900,76.4400,77.7300,3857919
2014-11-20,74.2700,75.9900,74.2700,75.6900,2826437
2014-11-19,72.9200,74.7700,72.4200,74.5700,2411129
2014-11-18,72.6900,74.7970,72.1000,72.9600,4876124
2014-11-17,71.9900,73.1700,71.6700,72.3700,2462247
2014-11-14,71.7600,72.8200,71.2600,72.0800,2770118
2014-11-13,72.6400,72.6599,70.0700,70.9900,3813351
2014-11-12,72.5800,73.5300,72.3000,72.8400,3137078
2014-11-11,71.5700,72.8900,70.5600,72.7200,2392693
2014-11-10,72.3900,72.8000,71.1518,71.4300,4436190
2014-11-07,72.6200,73.4500,71.6800,71.9500,3841114
2014-11-06,72.9100,73.2400,71.8000,72.7200,3512342
2014-11-05,73.5400,73.5400,71.3200,72.4200,3961510
2014-11-04,72.6600,73.6400,71.6400,72.9500,3126090
2014-11-03,71.9600,75.0000,71.6300,73.2900,7307522
2014-10-31,71.0400,73.0000,69.9400,71.4100,6838447
2014-10-30,67.0100,68.9900,66.7100,68.1000,3842767
2014-10-29,68.0500,68.5600,66.0300,66.9500,2473821
2014-10-28,66.0400,67.8100,65.2656,67.4400,2895893
2014-10-27,65.1900,66.2400,64.5500,65.8300,2749960
2014-10-24,65.3100,66.0300,64.4500,65.6800,1770083
2014-10-23,65.8900,66.4700,64.6100,65.2900,3158013
2014-10-22,67.0900,68.2600,64.8000,64.8900,3070793
2014-10-21,65.9400,67.1090,65.3900,67.0500,4261936
2014-10-20,60.8500,65.7100,60.8500,65.4300,6355845
2014-10-17,60.3900,61.0900,59.3600,60.3800,2555239
2014-10-16,57.5600,60.5400,57.4710,59.8100,3282785
2014-10-15,58.4700,58.9500,55.5900,58.6400,5059925
2014-10-14,61.8200,61.8200,57.6800,59.2200,4231285
2014-10-13,61.7800,63.1600,60.2500,60.3900,3908142
2014-10-10,62.1900,63.0000,60.2200,61.6700,5092400
2014-10-09,64.4900,65.7800,61.9100,61.9800,4319371
2014-10-08,62.2600,64.6900,61.3700,64.6000,3888784
2014-10-07,61.7200,64.7400,61.7200,62.0400,5590290
2014-10-06,60.6700,62.1600,60.0652,62.0200,2627871
2014-10-03,60.8800,61.0000,59.2900,60.6500,3153870
2014-10-02,61.0400,61.8200,59.6400,60.7200,3061204
2014-10-01,61.0900,62.7300,60.9700,61.3500,2946448
2014-09-30,61.0900,62.0700,60.4900,60.9800,3796702
2014-09-29,60.3100,61.4500,60.1900,61.0500,1850321
2014-09-26,59.5100,61.1000,59.1800,60.9100,2423126
2014-09-25,59.5400,59.6500,58.6101,59.3400,1826539
2014-09-24,59.3100,59.9300,58.1300,59.4800,2191285
2014-09-23,59.8900,61.0200,59.4710,59.5200,1784756
2014-09-22,61.5800,61.8900,59.9500,60.0100,2722554
2014-09-19,61.5700,62.1600,61.3116,61.9200,2357530
2014-09-18,61.8600,62.1999,60.8800,61.3600,1546510
2014-09-17,62.8000,62.9300,60.7900,61.8100,2575918
2014-09-16,61.7900,63.7699,61.6500,62.6400,2598450
2014-09-15,61.4100,62.1100,60.7900,62.0600,1987856
2014-09-12,61.6800,62.1150,60.8500,61.5000,2564718
2014-09-11,62.4700,63.3500,61.5400,61.7600,3774254
2014-09-10,64.8100,65.1500,61.9050,62.9700,4483981
2014-09-09,66.2100,66.3300,64.7200,64.8300,2316447
2014-09-08,66.5700,67.0650,66.1200,66.5100,1577156
2014-09-05,65.6200,66.8400,65.0000,66.6100,2503262
2014-09-04,64.6600,66.2700,64.4200,65.7300,2987072
2014-09-03,64.1300,64.8600,63.8800,64.6300,1700335
2014-09-02,64.8600,65.0400,63.5500,63.7800,2114157
2014-08-29,64.3700,65.0400,64.2200,64.7400,1408702
2014-08-28,63.7800,64.5400,63.3200,64.4800,1938574
2014-08-27,64.5000,64.6900,63.4000,63.7100,2740742
2014-08-26,64.8000,65.2000,63.9500,64.7600,1666711
2014-08-25,65.2300,65.3100,64.2000,64.9100,1297485
2014-08-22,63.8800,64.7100,61.1400,64.5000,2254410
2014-08-21,64.8500,64.8500,63.7400,63.9800,2495580
2014-08-20,64.2200,64.8800,63.4000,64.6900,1920174
2014-08-19,64.0500,64.3400,63.2900,64.2600,2105920
2014-08-18,63.4100,64.4700,63.1600,63.9700,2777941
2014-08-15,63.8800,64.2000,62.1600,62.9600,3286557
2014-08-14,63.5600,64.1892,63.0600,63.6900,2498667
2014-08-13,62.5900,63.6900,61.9400,63.4300,2158595
2014-08-12,61.8200,62.8200,61.6000,62.2000,2170120
2014-08-11,63.4300,63.7400,61.7200,61.7600,2610516
2014-08-08,63.0000,63.4300,62.5900,63.3100,1924575
2014-08-07,62.1200,63.2300,61.7700,62.7300,3536473
2014-08-06,61.1800,62.5500,61.1000,61.8700,2777915
2014-08-05,60.9200,61.8000,60.4700,61.3000,2457487
2014-08-04,59.9500,61.3500,59.6800,61.2000,2794955
2014-08-01,60.4700,61.4750,58.5500,59.8500,3497432
2014-07-31,58.9900,62.5200,58.9400,61.5400,6454036
2014-07-30,60.1000,60.7400,59.0600,59.3900,2221688
2014-07-29,59.5900,60.5000,59.2000,59.9800,2646491
2014-07-28,60.0000,60.0100,58.5800,59.0800,2181717
2014-07-25,59.7800,60.2500,59.1500,60.1500,1697905
2014-07-24,58.1100,59.8830,58.1100,59.8100,1951518
2014-07-23,58.1100,59.0200,57.8500,58.0300,1894102
2014-07-22,57.8300,58.5600,57.7300,57.9800,1995386
2014-07-21,57.9600,58.4000,57.1100,57.2300,3149855
2014-07-18,58.7900,59.0350,58.0100,58.1500,2530880
2014-07-17,59.0200,59.6600,58.3800,58.4300,1788580
2014-07-16,60.8400,61.0000,59.2300,59.5000,2758465
2014-07-15,58.9200,61.2100,58.5400,60.7400,3322136
2014-07-14,60.2100,60.3900,59.0300,59.3800,1797898
2014-07-11,58.6200,60.1210,58.5000,59.9100,2373373
2014-07-10,58.3600,59.1200,57.8701,58.9300,1831063
2014-07-09,58.2100,59.2200,57.8400,59.0000,2403631
2014-07-08,59.6500,59.8800,58.1900,58.2300,2665656
2014-07-07,60.2600,60.8800,60.0000,60.0400,1601573
2014-07-03,60.7700,61.1800,60.0700,60.5900,931862
2014-07-02,59.8000,60.7700,59.2600,60.5300,2121749
2014-07-01,58.6000,59.9800,58.6000,59.6600,2400698
2014-06-30,59.4200,59.4900,58.3700,58.6700,2038379
2014-06-27,59.7300,59.9400,59.0100,59.6000,2850001
2014-06-26,58.6400,60.4400,58.3200,59.9400,3367837
2014-06-25,58.4200,59.2500,56.4400,58.3700,7856511
2014-06-24,62.3000,62.8900,60.8350,60.9200,2328536
2014-06-23,61.6900,62.4240,61.5000,62.1900,2161564
2014-06-20,60.8900,61.5000,60.3400,61.4500,3118299
2014-06-19,59.9400,61.1300,59.9000,60.6900,3399647
2014-06-18,58.7300,59.8500,57.8800,59.7800,2516717
2014-06-17,57.7000,58.8600,57.2700,58.8000,1653253
2014-06-16,57.6000,58.2000,57.3700,58.0000,2054657
2014-06-13,57.5600,57.8200,57.0600,57.7800,2270496
2014-06-12,56.8100,58.1400,56.3500,57.5400,2562241
2014-06-11,56.0900,57.1110,55.5400,56.9200,2117701
2014-06-10,57.0800,57.1300,55.9300,56.2200,2031127
2014-06-09,58.1300,58.3500,57.1200,57.1800,1575344
2014-06-06,58.4200,58.5200,57.4400,58.2200,1829403
2014-06-05,57.6200,58.8000,57.6200,58.3000,2875186
2014-06-04,57.2100,57.7000,56.5300,57.6600,2713440
2014-06-03,56.1400,57.8150,55.7700,57.4000,3332315
2014-06-02,56.4400,56.7400,55.8000,56.0800,1736946
2014-05-30,56.6800,56.8900,55.9600,56.2000,1973438
2014-05-29,55.7800,56.8400,55.4000,56.8200,1774855
2014-05-28,54.3100,55.5400,54.2100,55.4200,1837329
2014-05-27,54.3100,54.5800,53.7900,54.4200,1757101
2014-05-23,54.3400,54.7700,54.0800,54.2500,1381935
2014-05-22,54.2800,55.0800,54.0600,54.4200,1864226
2014-05-21,54.8600,55.0000,53.1300,54.2800,3497496
2014-05-20,55.1800,55.6300,54.6300,54.7200,2018201
2014-05-19,55.1300,55.6000,54.9700,55.3700,2448525
2014-05-16,54.5500,55.3700,53.7200,55.1300,3887151
2014-05-15,54.4600,54.6800,53.6600,54.5800,2883750
2014-05-14,54.5500,55.1300,53.8100,54.6200,2152039
2014-05-13,53.8100,54.8900,53.5401,54.6300,2251361
2014-05-12,53.4400,54.4100,53.3700,53.7300,1765750
2014-05-09,53.5000,53.5350,52.7300,53.0600,2380481
2014-05-08,53.8900,54.6100,53.3400,53.6200,2426002
2014-05-07,54.8700,54.9800,53.4300,54.0500,3969736
2014-05-06,55.2700,56.3000,54.9100,55.0200,4104933
2014-05-05,55.4800,56.0200,54.0100,55.0500,5197922
2014-05-02,57.3300,58.1000,55.6400,55.8600,4251068
2014-05-01,57.4400,57.6500,55.0000,57.0600,4761468
2014-04-30,55.6600,56.8500,55.2100,56.2900,3872608
2014-04-29,56.0600,56.6600,55.4500,55.7000,2811516
2014-04-28,55.3700,56.2410,54.9500,55.8200,3305121
2014-04-25,54.1800,55.1740,54.0400,55.0000,2803036
2014-04-24,53.9100,54.3900,53.1500,54.2100,1826645
2014-04-23,52.4900,53.8700,52.4900,53.7800,1952046
2014-04-22,52.9700,53.6200,52.1700,53.1300,2523081
2014-04-21,52.0600,53.8900,52.0600,53.2700,1915981
2014-04-17,51.9100,53.1900,51.6400,52.8800,2641856
2014-04-16,51.7200,52.1300,50.8700,52.0500,3343862
2014-04-15,49.4200,51.4100,49.4100,51.2500,4750871
2014-04-14,47.9400,49.4700,47.7000,49.4300,3641837
2014-04-11,48.0400,48.6200,47.0250,47.4700,3364558
2014-04-10,48.7200,49.3200,47.6900,48.1100,2539218
2014-04-09,48.7100,49.3100,48.1000,48.8500,2708664
2014-04-08,49.4500,50.1300,48.5000,48.7900,2617623
2014-04-07,50.5700,50.6600,48.9000,49.4800,2314445
2014-04-04,51.7600,52.1800,50.3600,50.5800,2559012
2014-04-03,51.1600,51.7700,51.1300,51.3500,2710587
2014-04-02,51.5100,51.5100,50.7500,50.9500,2658032
2014-04-01,50.5300,51.9100,50.4200,51.7600,2131567
2014-03-31,50.7900,51.0000,50.1700,50.5900,1410629
2014-03-28,49.6500,50.7400,49.5500,50.5000,1661380
2014-03-27,49.6400,50.5000,49.0400,49.4800,2677937
2014-03-26,50.2100,50.6999,49.6800,49.7700,1756012
2014-03-25,49.6800,50.6200,49.6800,49.9800,2274954
2014-03-24,50.4500,50.8400,49.3200,49.4800,2189214
2014-03-21,52.1000,52.1800,50.1200,50.3700,3944168
2014-03-20,51.6400,52.4000,51.0000,51.7000,1975841
2014-03-19,52.6100,52.6200,51.3800,51.6700,1939355
2014-03-18,52.2500,53.1600,51.9500,52.6100,2086826
2014-03-17,53.3400,53.6190,52.2300,52.2900,2301988
2014-03-14,52.9000,53.6100,52.6160,53.2100,2021773
2014-03-13,54.5300,54.5800,52.3200,52.9800,3335041
2014-03-12,52.3800,54.5800,52.1700,54.5000,4816982
2014-03-11,53.1800,53.1800,51.8000,52.3700,2302687
2014-03-10,53.5300,53.7600,52.3300,52.7800,2637918
2014-03-07,53.8500,54.5600,52.7200,53.4700,2606820
2014-03-06,51.9300,53.9100,51.8803,53.5500,3604729
2014-03-05,50.8200,51.8400,50.6500,51.7400,2835430
2014-03-04,51.4000,51.5000,50.5300,50.9300,2722939
2014-03-03,50.4100,51.6200,50.4100,50.9700,2186005
2014-02-28,50.7600,51.5800,50.5300,51.0100,2214172
2014-02-27,51.2000,51.5200,50.0300,50.7300,2513546
2014-02-26,52.0600,52.7700,51.1900,51.4700,2971689
2014-02-25,51.2500,52.3050,51.1900,51.8700,2347113
2014-02-24,50.6700,52.2500,50.6300,51.2300,2233844
2014-02-21,50.5000,51.2100,50.3100,50.3400,2970355
2014-02-20,50.2800,51.0800,49.6700,50.3200,3593419
2014-02-19,50.2800,51.6200,50.1900,50.3000,2652883
2014-02-18,50.2400,51.2700,50.1500,50.4400,1966697
2014-02-14,49.6500,50.8900,48.6700,50.2600,3365054
2014-02-13,48.1000,49.9600,48.0900,49.6800,2662008
2014-02-12,48.8000,49.2300,48.2600,48.4700,2152200
2014-02-11,47.8800,49.0900,47.8200,48.7800,3066572
2014-02-10,48.5000,48.5000,46.8800,47.7700,4400763
2014-02-07,47.9200,48.3300,47.0000,47.8900,5329718
2014-02-06,47.4700,48.8000,46.4000,47.6000,9865384
2014-02-05,49.8600,50.1800,49.0200,49.9500,4628728
2014-02-04,50.8900,50.9500,49.1900,50.4500,3708314
2014-02-03,51.3800,51.7500,50.5300,50.7700,2924340
2014-01-31,50.6700,52.4200,50.5200,51.5200,2252038
2014-01-30,51.9600,52.5300,51.1900,51.2600,1916390
2014-01-29,50.2100,52.8700,49.8300,51.8500,3510422
2014-01-28,50.6000,51.2500,50.1600,50.8800,1977297
2014-01-27,50.6800,51.5200,50.2500,50.8800,3218471
2014-01-24,51.5300,51.5500,50.0300,50.5700,3215168
2014-01-23,52.8200,53.3200,51.6150,52.3300,2255155
2014-01-22,53.1500,53.5800,52.3800,52.7100,2367742
2014-01-21,52.9300,53.8900,52.7100,53.0000,3419073
2014-01-17,53.0800,53.3400,52.5000,52.5800,2120535
2014-01-16,52.6200,53.0200,51.7500,52.7600,4172811
2014-01-15,54.5300,54.5500,52.3800,52.7400,5213212
2014-01-14,55.2100,55.4900,54.0700,54.5100,3828591
2014-01-13,57.1100,57.6100,54.7300,54.8100,3782769
2014-01-10,58.0100,58.4500,56.7800,57.5100,3987559
2014-01-09,57.0800,58.0200,56.9300,58.0000,4361783
2014-01-08,57.2600,57.9400,56.5200,56.7700,5306743
2014-01-07,57.8900,58.5100,56.3100,58.0700,3785180
2014-01-06,57.3300,58.1900,57.2600,57.5700,2503751
2014-01-03,57.4700,58.0200,56.4200,57.1400,2744311
2014-01-02,58.2000,59.0700,57.2601,57.9600,2868883
2013-12-31,56.7600,58.5600,56.7600,58.5000,2398812
2013-12-30,57.3400,57.6900,56.3000,56.5500,2333154
2013-12-27,58.5100,58.6000,57.0400,57.3700,1841714
2013-12-26,58.2100,58.7900,57.9808,58.4800,2383498
2013-12-24,58.2500,58.3800,57.6700,58.2100,797626
2013-12-23,56.7200,58.4400,56.5400,58.3100,3349381
2013-12-20,56.3700,57.0400,56.0700,56.1600,5781829
2013-12-19,57.2200,57.5050,56.2200,56.3900,2697419
2013-12-18,57.2900,57.6900,55.7400,57.5200,2966703
2013-12-17,58.0700,58.2400,56.8800,56.9800,3286799
2013-12-16,56.5100,58.5750,56.4700,58.3700,3611880
2013-12-13,56.8100,57.1499,55.6900,56.3000,2733797
2013-12-12,56.0000,57.3800,55.9600,56.9400,3091838
2013-12-11,57.5400,57.7800,56.0400,56.2500,3675008
2013-12-10,58.6000,58.6000,55.9400,57.7200,4946156
2013-12-09,58.4100,59.3700,57.8400,57.9900,5705213
2013-12-06,56.2000,58.8300,56.1300,57.7000,4889058
2013-12-05,56.1100,56.6000,55.4900,55.6100,3321573
2013-12-04,56.2300,57.2100,54.6600,55.7800,5934297
2013-12-03,58.5200,59.1500,57.3000,57.4200,4043927
2013-12-02,58.8900,59.5700,57.9400,58.8500,4095003
2013-11-29,59.2800,59.5400,58.3400,58.6300,1674194
2013-11-27,57.0400,59.4700,56.8400,59.0800,6163026
2013-11-26,57.4700,57.9500,56.6100,56.9600,3438281
2013-11-25,57.3300,58.0850,56.4600,57.5600,2860960
2013-11-22,56.7200,57.8200,56.4300,57.4200,4227448
2013-11-21,55.3500,56.8000,55.1700,56.7300,3066452
2013-11-20,56.1400,56.1500,54.7300,55.0300,3775731
2013-11-19,55.6800,56.9500,55.3900,56.0600,5157405
2013-11-18,55.2100,55.8700,54.4300,55.3800,5601917
2013-11-15,55.1300,55.2700,53.9200,54.5300,5427709
2013-11-14,53.4100,55.2700,52.8900,54.9500,3509032
2013-11-13,52.1100,53.4200,51.9400,53.2700,3166627
2013-11-12,50.9000,53.1800,50.9000,52.2100,6205878
2013-11-11,50.0601,51.4550,49.7600,51.1900,4394274
2013-11-08,48.4600,50.2100,48.0100,50.0900,3832730
2013-11-07,48.0000,50.9000,47.7500,48.2900,6824338
2013-11-06,48.1900,48.3900,47.0500,47.4400,4000587
2013-11-05,48.2000,48.4800,47.6400,47.9200,2485138
2013-11-04,48.0000,48.4600,47.1500,48.3600,2782251
2013-11-01,48.9200,49.0600,47.2800,47.8200,2438233
2013-10-31,48.7400,50.5600,48.6100,48.8900,3781302
2013-10-30,47.3000,48.9700,46.6400,48.9400,4255896
2013-10-29,47.2000,48.1000,46.9600,47.3000,1927931
2013-10-28,47.0900,47.8100,46.8500,47.1700,2749545
2013-10-25,47.3100,47.6600,46.4600,46.9600,2799657
2013-10-24,49.2700,49.2700,46.8700,47.0300,4584486
2013-10-23,49.3300,50.7700,49.1500,49.2600,5486004
2013-10-22,49.3900,50.3562,49.1300,49.5200,3611055
2013-10-21,49.2900,49.7320,48.8700,48.9500,2945818
2013-10-18,48.1800,49.1600,47.5050,49.1300,4656534
2013-10-17,45.2400,48.0600,45.2100,47.8400,5507700
2013-10-16,45.5100,46.0800,44.9900,45.2800,3938701
2013-10-15,45.6900,46.1000,44.6800,45.3300,2922867
2013-10-14,44.7800,45.7000,44.3300,45.5700,2418417
2013-10-11,43.4400,46.2500,43.2800,45.1900,6739513
2013-10-10,42.2100,43.5500,41.9600,43.5200,6409704
2013-10-09,41.7300,41.8400,40.9000,41.5400,4092222
2013-10-08,43.5300,43.6400,41.6200,41.6500,4418259
2013-10-07,43.7300,44.1000,43.5200,43.5400,1919851
2013-10-04,43.3200,44.4950,43.0901,44.2100,3371763
2013-10-03,43.2400,43.9350,42.9692,43.7900,4128641
2013-10-02,43.7600,43.8900,43.0700,43.3200,4631759
2013-10-01,43.9300,44.2500,42.9200,43.1000,4123646
2013-09-30,44.2200,44.4100,43.6500,43.9800,2519683
2013-09-27,44.4300,45.0450,44.2525,44.7400,2080959
2013-09-26,45.5500,45.9099,44.2300,44.5300,3203841
2013-09-25,45.1100,45.9000,44.9700,45.4700,2639144
2013-09-24,44.5200,45.7500,44.1200,45.0900,2731552
2013-09-23,44.3000,44.6100,43.7000,44.4900,3074132
2013-09-20,45.5300,46.1700,44.3200,44.4100,4056235
2013-09-19,45.6900,46.5400,45.5400,45.5800,4056533
2013-09-18,45.5200,45.8500,44.9500,45.4800,2941278
2013-09-17,45.4900,45.6500,44.8600,45.5800,2287303
2013-09-16,46.4500,46.6400,45.4000,45.4900,2259115
2013-09-13,44.9200,46.4400,44.9200,46.1100,3224844
2013-09-12,46.1100,46.1700,44.4300,44.8200,4847218
2013-09-11,46.2500,46.5000,45.3400,46.0000,3652406
2013-09-10,46.3300,46.3700,45.5100,45.9400,3745616
2013-09-09,46.5700,46.5700,45.9400,46.1600,3341242
2013-09-06,46.6800,47.2900,45.5000,46.7800,3993446
2013-09-05,46.7500,46.9200,46.3100,46.4000,2703721
2013-09-04,46.8800,47.2400,46.2100,46.7600,3592333
2013-09-03,46.5600,47.6400,46.4400,47.0200,3945237
2013-08-30,46.6100,46.7700,45.8100,46.0900,2584401
2013-08-29,46.3200,46.9300,45.9800,46.4600,2245297
2013-08-28,46.2500,46.5500,45.9000,46.3900,2703455
2013-08-27,47.3700,47.5000,46.2500,46.3400,3187475
2013-08-26,49.0100,49.2300,47.8100,47.9600,2825017
2013-08-23,49.2500,49.9500,48.7600,49.0100,2968375
2013-08-22,47.9100,49.7700,47.5100,49.2800,3526785
2013-08-21,46.6500,48.6000,46.1000,47.7800,4930205
2013-08-20,47.0000,47.3199,45.5300,46.7000,6338240
2013-08-19,48.6600,48.7700,47.0100,47.0400,3348278
2013-08-16,49.2600,49.4400,48.1400,48.8000,3831926
2013-08-15,51.0100,51.4300,49.2000,49.3400,4085859
2013-08-14,51.7100,51.9400,50.9000,51.1700,2814675
2013-08-13,52.4500,52.4500,51.3600,51.7300,2225072
2013-08-12,52.6800,53.0600,51.7895,52.2700,2368456
2013-08-09,53.2900,53.9200,52.9200,53.0800,2835285
2013-08-08,53.2200,53.9900,52.7500,53.3200,4233219
2013-08-07,54.1299,54.7900,52.9700,53.1000,3314322
2013-08-06,55.7600,56.8700,53.8600,54.2000,5070084
2013-08-05,55.3000,56.3000,54.1100,56.0900,2979398
2013-08-02,57.2500,57.9800,54.7700,55.3000,3720478
2013-08-01,57.3000,57.9900,56.6500,57.7500,2583446
2013-07-31,55.4900,57.3000,55.1200,56.8500,3845790
2013-07-30,55.1400,55.6400,54.3100,55.5800,3134715
2013-07-29,54.3900,55.1400,54.2500,54.9900,1957770
2013-07-26,54.2200,54.7500,53.5300,54.5100,1443250
2013-07-25,53.1400,54.5800,53.0400,54.5500,2049184
2013-07-24,54.0800,54.0800,52.8900,53.3600,2146530
2013-07-23,53.4800,54.5000,53.2500,54.0600,2497428
2013-07-22,51.9500,53.3400,51.3300,53.2400,2064346
2013-07-19,51.1000,52.3750,50.6600,51.7400,3242512
2013-07-18,53.1200,53.9300,50.8600,51.1000,3821140
2013-07-17,52.7800,53.5100,52.6000,53.1000,1867951
2013-07-16,53.8200,54.1300,52.0000,52.6200,2557948
2013-07-15,55.3600,55.3800,53.7400,54.1400,2317517
2013-07-12,52.2200,55.5850,52.0000,55.2000,4327579
2013-07-11,51.4300,53.4700,51.0500,53.3700,3263963
2013-07-10,52.8700,52.9800,49.9200,50.6200,4176681
2013-07-09,52.6600,53.0700,51.6000,52.9800,2101452
2013-07-08,51.4400,53.2000,51.3200,52.4700,2964816
2013-07-05,50.6500,51.5400,49.7600,51.2800,2734315
2013-07-03,50.7000,50.7600,49.2600,50.3800,3051660
2013-07-02,51.9100,52.0500,50.0700,50.7100,3366488
2013-07-01,52.4000,53.2100,51.7700,51.9100,2316089
2013-06-28,52.4200,53.2072,52.2200,52.3200,2399649
2013-06-27,54.5800,54.8400,52.7050,52.7900,2728330
2013-06-26,53.9100,54.6700,53.5200,54.1000,2589716
2013-06-25,52.7200,53.7450,52.7100,53.3400,3069815
2013-06-24,53.0100,53.3300,50.7250,51.9000,4617964
2013-06-21,55.6700,55.8600,52.9401,54.1300,6377219
2013-06-20,56.4000,56.4700,54.5800,55.3200,4772366
2013-06-19,57.1700,58.8800,56.9000,57.4100,2611740
2013-06-18,57.6000,58.0200,56.6400,57.1100,2939967
2013-06-17,57.4500,58.0900,57.0000,57.6100,2932283
2013-06-14,58.0500,58.3200,56.8200,57.1600,2277738
2013-06-13,57.1400,58.3900,56.5400,58.3200,2535302
2013-06-12,57.7500,58.3800,57.1600,57.2800,2242650
2013-06-11,57.2900,58.1900,56.5700,57.0100,2640383
2013-06-10,59.1000,59.4600,57.8900,58.0900,1759520
2013-06-07,59.2700,59.4900,58.2300,58.6800,1748775
2013-06-06,57.5500,58.9650,56.9400,58.8600,3241967
2013-06-05,59.1400,59.7490,56.9100,57.5300,4865925
2013-06-04,59.9600,61.1300,58.3400,59.4400,3069209
2013-06-03,62.2000,62.7900,59.5600,60.5100,3228348
2013-05-31,61.0700,62.7500,61.0300,61.6500,7151331
2013-05-30,61.2200,61.7300,60.6100,61.3300,2557220
2013-05-29,61.7600,62.5500,60.4501,61.2400,2896027
2013-05-28,62.4400,63.3800,61.2600,62.1600,4031347
2013-05-24,61.3400,61.6300,60.5400,61.2300,3431627
2013-05-23,61.2300,62.4700,60.3500,62.0100,2849829
2013-05-22,63.2900,64.1322,61.2800,61.9800,4614799
2013-05-21,65.1300,65.5500,63.2200,63.2800,5747341
2013-05-20,63.0000,65.7500,61.1100,64.9000,9274181
2013-05-17,58.8400,62.7100,58.6400,62.2400,14189350
2013-05-16,58.0700,59.2900,56.2600,58.1800,7125343
2013-05-15,56.4900,58.4400,56.3700,58.1500,3294178
2013-05-14,55.3500,56.8200,55.2800,56.7100,2426686
2013-05-13,54.4600,55.3000,53.7800,55.2800,2947418
2013-05-10,55.3300,55.3300,54.0200,54.4100,4015905
2013-05-09,57.2900,57.6900,55.2400,56.0600,4491156
2013-05-08,58.1200,58.5000,56.6400,57.3800,2807144
2013-05-07,57.7500,58.5200,57.0700,58.0400,3375600
2013-05-06,55.5000,58.4600,55.2300,57.7400,3801284
2013-05-03,54.3600,55.9400,53.3700,55.4700,3663616
2013-05-02,52.3300,54.8400,50.8700,53.8900,4531441
2013-05-01,52.6600,52.6600,50.7700,50.8700,4160209
2013-04-30,54.3600,54.5000,52.4300,53.4000,4151289
2013-04-29,54.2000,54.7600,53.5200,53.8600,2055492
2013-04-26,54.3900,54.5000,53.0200,53.8400,2193338
2013-04-25,55.4800,55.7000,54.2400,54.5600,3344937
2013-04-24,53.7600,55.9700,53.7500,55.2000,3334949
2013-04-23,52.7300,54.2700,52.2500,53.8200,4150925
2013-04-22,50.8500,52.6400,50.3400,51.5500,3512601
2013-04-19,49.8500,50.7200,49.0300,50.6700,2234124
2013-04-18,49.0700,50.6800,48.2100,49.6100,2945109
2013-04-17,50.0800,50.0800,47.9800,49.1400,4611827
2013-04-16,48.9000,50.9300,48.9000,50.9200,3653688
2013-04-15,50.9100,50.9100,48.0600,48.3700,5504935
2013-04-12,51.5900,52.4600,50.7500,51.4600,3325555
2013-04-11,53.9100,54.1500,51.9600,52.0900,4550903
2013-04-10,54.1200,54.4300,53.3900,53.9400,2051544
2013-04-09,53.8100,54.8100,52.9500,54.0500,2704869
2013-04-08,53.4300,53.8400,51.8600,53.8100,2928739
2013-04-05,51.7500,53.7800,51.0700,53.2400,3498184
2013-04-04,52.1000,53.4100,51.6600,52.9800,3209716
2013-04-03,54.8400,54.8900,51.2200,52.2600,6665542
2013-04-02,57.1000,57.1400,54.1600,55.0200,5327580
2013-04-01,58.2700,58.4500,56.4800,56.8500,3099693
2013-03-28,57.9700,58.9400,57.7300,58.5500,2166659
2013-03-27,58.2200,58.8200,57.5435,57.9600,2087785
2013-03-26,58.1800,58.9800,57.8950,58.5000,2435214
2013-03-25,59.2000,59.9000,57.6000,57.8500,3493109
2013-03-22,58.1300,59.0900,57.8500,58.8700,2587965
2013-03-21,58.4300,58.7800,57.3600,58.0000,2895319
2013-03-20,57.2700,59.0600,57.1800,58.8800,3693819
2013-03-19,56.8300,57.7500,56.0000,56.8300,2419549
2013-03-18,55.9200,57.5700,55.6700,56.8600,3147337
2013-03-15,56.7700,57.8600,56.4800,56.5000,4115428
2013-03-14,56.3000,57.0650,55.8900,56.9500,3915184
2013-03-13,57.0000,57.4700,55.0500,56.0000,6087629
2013-03-12,57.2300,58.5500,57.0100,57.7900,2536200
2013-03-11,58.1700,58.1700,55.9300,57.5000,3664093
2013-03-08,58.0000,58.7500,57.3700,58.4000,2788952
2013-03-07,57.8900,58.4550,56.9300,57.7500,3797430
2013-03-06,58.6200,59.3420,57.6700,57.7000,3114092
2013-03-05,59.4500,59.5600,56.9101,58.3000,4237977
2013-03-04,58.2600,59.0900,57.5500,58.9700,5159665
2013-03-01,55.8500,58.3000,55.0500,58.2900,5368665
2013-02-28,55.7000,57.0400,55.5700,56.2400,4581884
2013-02-27,54.2400,56.0000,54.0300,55.5500,3987185
2013-02-26,52.4000,54.3800,51.6600,54.2900,3443936
2013-02-25,54.8900,55.4500,52.7900,52.8100,4843869
2013-02-22,53.7700,54.6500,52.5400,54.6000,2326977
2013-02-21,51.7300,53.8200,50.0700,53.2800,7008284
2013-02-20,54.9800,55.3700,51.7400,52.0200,3724160
2013-02-19,54.9100,55.1600,54.1350,55.1300,3346185
2013-02-15,55.1000,55.3950,54.1400,54.6400,2564154
2013-02-14,54.1500,55.5799,53.7300,55.1800,3266120
2013-02-13,53.5500,54.4900,53.4000,54.0700,2664552
2013-02-12,54.7000,54.9500,53.0950,53.4900,4234809
2013-02-11,54.4400,55.0000,54.0000,54.5500,3682123
2013-02-08,52.4600,54.0100,52.4600,53.8600,3372774
2013-02-07,50.8500,53.1500,49.8400,52.5500,6247929
2013-02-06,50.1100,51.8500,50.0200,51.1600,4928403
2013-02-05,49.1800,50.5000,49.0500,50.2300,3789831
2013-02-04,48.9400,49.4500,48.6600,48.8100,2438829
2013-02-01,49.4000,49.6800,48.7001,49.3700,2859920
2013-01-31,47.8300,49.1900,47.5900,48.6900,3185670
2013-01-30,48.1300,48.2000,47.1000,48.0900,4832263
2013-01-29,46.5800,48.3000,46.5000,48.0500,5930339
2013-01-28,44.5100,46.1000,43.4600,45.8300,3351788
2013-01-25,44.8100,44.8999,44.3000,44.5800,1311527
2013-01-24,44.4300,45.1600,44.2100,44.6100,2905075
2013-01-23,43.0000,44.4900,42.7600,44.4600,3755933
2013-01-22,42.5600,43.1800,42.2700,43.0200,2623670
2013-01-18,43.5300,43.6800,41.8200,42.4900,3382048
2013-01-17,43.8200,44.1150,43.4100,43.6800,2109691
2013-01-16,43.3000,44.1900,43.0800,43.7000,3345608
2013-01-15,42.4900,43.4600,42.4500,43.4000,2968852
2013-01-14,42.0800,42.6900,41.6400,42.6200,2721343
2013-01-11,42.7300,42.7300,41.6600,42.1700,2791335
2013-01-10,40.7900,43.0300,40.7600,42.8500,4906407
2013-01-09,41.4000,41.4960,39.8500,40.4700,6244580
2013-01-08,40.0800,41.4700,39.8800,41.4000,4726013
2013-01-07,42.0000,42.0100,40.1100,40.2200,5438737
2013-01-04,43.7300,43.9000,42.5000,42.5400,3438088
2013-01-03,45.1900,45.3600,43.4400,43.7300,3670629
2013-01-02,44.9700,45.4400,44.0400,45.4000,2893488
2012-12-31,42.6000,44.1600,42.6000,44.0500,2167694
2012-12-28,43.1200,43.3200,42.4900,42.7500,1671644
2012-12-27,43.3500,43.9100,42.5600,43.5100,1452702
2012-12-26,43.5500,44.0000,43.3300,43.3400,1264432
2012-12-24,43.4400,43.8600,43.2200,43.3900,718145
2012-12-21,43.7900,44.2300,43.4300,43.6900,2593533
2012-12-20,43.6300,44.5800,43.4600,44.3600,1913126
2012-12-19,44.6000,44.8800,43.6200,43.9500,2126064
2012-12-18,44.7400,45.1400,44.5000,44.7300,3663447
2012-12-17,43.9000,45.4100,43.8000,44.6900,5100076
2012-12-14,41.1900,43.7300,41.1800,43.6600,4997324
2012-12-13,40.8200,41.5500,39.7800,41.3600,4074721
2012-12-12,40.7800,41.3200,39.8400,39.9900,3839575
2012-12-11,41.0000,41.5000,40.6080,40.8600,3715794
2012-12-10,39.6400,40.9700,39.5500,40.8800,2702753
2012-12-07,39.2100,39.7000,38.5800,39.6500,2958155
2012-12-06,38.7600,39.0600,38.4200,38.8600,3137803
2012-12-05,40.9700,41.3200,38.5700,38.9300,4799711
2012-12-04,41.2700,41.9800,40.7700,40.8000,3026902
2012-12-03,42.4200,42.4860,41.3700,41.3900,2000982
2012-11-30,41.6600,42.5000,41.5000,42.2800,2263726
2012-11-29,41.8400,42.0900,40.8400,41.5700,2474321
2012-11-28,41.0200,41.6950,40.4000,41.6400,2426711
2012-11-27,41.3600,42.0700,41.0600,41.5000,2870609
2012-11-26,41.5200,41.8000,40.8000,41.4600,2868078
2012-11-23,41.8200,42.0100,41.1600,41.9200,1093994
2012-11-21,40.2700,41.4200,40.1000,41.1500,2303059
2012-11-20,39.7100,40.3500,39.1300,40.0800,2574388
2012-11-19,38.8600,40.4900,38.7400,39.9300,3565710
2012-11-16,38.0500,38.3800,37.2700,38.0700,3769471
2012-11-15,37.4800,38.9400,37.4200,38.3800,3914842
2012-11-14,37.5200,38.8000,37.4400,37.6200,3664793
2012-11-13,37.5900,38.5900,37.5600,37.5900,3037219
2012-11-12,37.7200,38.2400,37.4850,38.2100,2774501
2012-11-09,37.2800,38.5000,36.6500,37.5900,2670827
2012-11-08,38.0900,39.1700,37.3600,37.3700,2841304
2012-11-07,38.2500,38.5100,37.4700,37.9900,4046578
2012-11-06,37.1400,39.2100,36.9600,38.9800,5374204
2012-11-05,35.4600,37.2100,35.4300,36.9300,3329147
2012-11-02,36.5800,36.7600,35.2800,35.4600,3215088
2012-11-01,36.5100,37.7800,35.6000,36.1800,6016486
2012-10-31,38.5200,38.6500,37.2100,37.7112,4625171
2012-10-26,37.3100,38.7000,37.3100,38.3500,3075286
2012-10-25,37.7200,37.8600,37.0950,37.3800,3004648
2012-10-24,36.5100,37.6400,36.4300,37.2100,4260610
2012-10-23,36.7900,36.9800,35.6100,36.4200,4739577
2012-10-22,38.1300,38.5800,37.5380,38.1200,2608635
2012-10-19,38.2800,38.9400,38.0000,38.1600,2286948
2012-10-18,38.5000,38.6200,38.0000,38.5700,2953270
2012-10-17,38.4900,39.1000,38.2800,38.6200,2005116
2012-10-16,38.5700,38.8500,38.1500,38.5800,2421767
2012-10-15,38.4500,38.8800,37.3800,38.0400,3272570
2012-10-12,38.5500,38.7000,37.0100,38.2900,5740602
2012-10-11,39.2200,39.5000,37.8200,38.5900,4274149
2012-10-10,40.8100,41.1400,38.0400,38.7000,10025167
2012-10-09,41.9600,42.6800,40.9600,40.9900,4206329
2012-10-08,42.8700,43.6000,41.6200,41.9000,4757410
2012-10-05,44.4900,44.7100,43.1100,43.2400,4577120
2012-10-04,42.9100,44.7300,42.8300,44.1500,4853990
2012-10-03,43.0400,43.0400,42.0035,42.5500,3360375
2012-10-02,43.1100,43.2900,42.7000,43.0800,2251766
2012-10-01,42.2400,43.7800,42.1600,43.0000,3538449
2012-09-28,41.7900,42.1100,41.1900,41.9000,2173976
2012-09-27,40.9000,42.3700,40.8300,41.8800,3003877
2012-09-26,40.9700,41.2500,39.9200,40.6900,3029753
2012-09-25,41.8500,41.8500,41.0100,41.0500,2626988
2012-09-24,41.3100,41.9300,41.2000,41.7100,2196894
2012-09-21,41.6700,41.8800,41.0000,41.2000,3336065
2012-09-20,40.4600,41.8400,40.0100,41.6100,3032400
2012-09-19,40.6100,40.8700,40.0000,40.7200,3960298
2012-09-18,40.3700,40.9350,39.8300,40.7400,4424444
2012-09-17,40.8300,41.2700,40.2050,40.5600,2760257
2012-09-14,40.7000,41.6400,40.5500,40.8500,2995111
2012-09-13,40.3000,40.6900,39.2600,40.4100,4030340
2012-09-12,40.5500,41.5000,40.1800,40.3400,4591158
2012-09-11,40.2700,40.5900,40.0900,40.3100,2745167
2012-09-10,41.3500,41.4200,40.0100,40.1000,3880843
2012-09-07,39.5800,40.5000,39.4400,40.1400,2471425
2012-09-06,39.3600,39.9900,39.1500,39.5600,2601906
2012-09-05,39.3300,39.5500,38.9800,39.0900,2132288
2012-09-04,39.8200,39.8800,38.6100,39.3100,2899589
2012-08-31,39.6800,39.9450,39.3500,39.7400,2476235
2012-08-30,39.0300,39.7200,38.8900,39.3900,2738811
2012-08-29,39.5100,39.5100,38.8400,39.2800,2251881
2012-08-28,39.2000,40.0900,39.2000,39.5600,3317668
2012-08-27,39.6500,40.3200,39.1400,39.2700,3444063
2012-08-24,38.6000,39.6000,38.3100,39.4500,2977503
2012-08-23,38.9000,39.0800,38.3500,38.6100,2485725
2012-08-22,38.9100,39.0300,38.2200,38.9200,3164887
2012-08-21,39.7300,39.7700,38.9100,39.0400,4074729
2012-08-20,39.3200,39.7800,39.2000,39.5500,2543252
2012-08-17,38.8100,39.5000,38.6000,39.3900,3815985
2012-08-16,38.4200,38.7000,37.1600,38.7000,6451998
2012-08-15,38.7900,39.2700,38.1000,38.4100,4950915
2012-08-14,39.1800,39.6200,38.3310,38.5900,9003470
2012-08-13,36.6600,39.2300,36.5700,38.8700,15158180
2012-08-10,35.0800,35.7000,34.8700,35.5000,3100062
2012-08-09,34.8600,35.6700,34.6500,35.3200,4425748
2012-08-08,34.3000,36.0600,34.2002,34.8900,8067607
2012-08-07,34.0800,34.7400,33.8700,34.4100,7377685
2012-08-06,31.9900,33.0600,31.9000,32.7600,5146449
2012-08-03,32.1700,32.2500,31.3400,31.7900,5158053
2012-08-02,28.9900,31.9500,28.7500,31.7900,12859123
2012-08-01,27.8100,28.2000,27.3200,27.8100,5399493
2012-07-31,27.7900,28.2100,27.3699,27.6500,3850310
2012-07-30,28.1300,28.4800,27.5600,27.7000,3103103
2012-07-27,27.3400,28.1100,27.1900,27.9000,2950883
2012-07-26,26.9100,27.2700,26.5800,27.1100,3000426
2012-07-25,26.4100,26.5900,25.8800,26.4500,3023524
2012-07-24,27.6800,27.7100,25.7900,26.3300,5367673
2012-07-23,27.0300,27.5000,26.8700,27.3800,2291690
2012-07-20,26.9800,27.4700,26.7100,27.4300,3920932
2012-07-19,28.0900,28.0900,26.8600,27.1200,4032692
2012-07-18,27.4300,28.3400,27.3300,27.9900,3632979
2012-07-17,27.7900,28.0000,27.1700,27.4100,3445037
2012-07-16,27.2500,27.7900,27.0500,27.5700,3263629
2012-07-13,26.8700,27.4400,26.8200,27.3200,2699037
2012-07-12,26.6700,26.9400,26.1100,26.8200,4704987
2012-07-11,25.7800,26.7300,25.7800,26.3800,4426356
2012-07-10,25.6700,26.5400,25.5100,25.6900,4352456
2012-07-09,25.9000,26.0100,25.2200,25.4000,2797975
2012-07-06,25.5200,26.0500,25.4400,25.9100,1968930
2012-07-05,26.1200,26.2200,25.6100,25.9100,3009825
2012-07-03,25.6400,26.2600,25.4900,26.2600,2082498
2012-07-02,25.0100,25.5700,24.8300,25.4800,4480760
2012-06-29,25.5600,25.5600,24.5200,24.9600,4541094
2012-06-28,24.4000,25.1200,23.9500,25.0600,4645390
2012-06-27,24.2200,24.7200,24.1200,24.6000,3355283
2012-06-26,23.8600,24.2700,23.5400,24.1300,4805867
2012-06-25,23.8900,24.0600,23.5700,23.8500,3553126
2012-06-22,23.5200,24.3900,23.2900,24.3100,4579701
2012-06-21,24.0000,24.0000,23.2600,23.4100,4739496
2012-06-20,23.9300,24.1000,23.4900,23.9200,5915507
2012-06-19,22.6300,24.1200,22.4900,23.6400,7909954
2012-06-18,22.5000,22.5500,21.9350,22.2800,3810611
